No,商品名（全角）,商品名（詳細）<自動>,商品名（半角）,商品名（フリガナ）,自社商品カテゴリ,取扱品目コード,JICFS分類コード,GPCコード,商品グループコード,品番（自社シリーズ）,型番（自社SKU),サイズ,GTIN（JANコード）,発売日,販売価格,原価,素材
80,’ＴＯＢＡＲＩ’－Ⅲ　ＷＡＲＭ　ＴＷＩＬＬ　ＣＯＲＴＯＮ　ＧＡＴＨＥＲ　ＳＨＩＲＴ＿ＢＫ,ＴＯＫＩＡＲＩ ’ＴＯＢＡＲＩ’－Ⅲ　ＷＡＲＭ　ＴＷＩＬＬ　ＣＯＲＴＯＮ　ＧＡＴＨＥＲ　ＳＨＩＲＴ＿ＢＫ ギャザーシャツブラック TKR-033-Ⅲ-BK-0 1枚, 'TOBARI'-Ⅲ WARM TWILL CORTON GATHER SHIRT_BK,ギャザーシャツブラック,シャツ,501,510311,10001352,GTKR-033-Ⅲ,TKR-033-Ⅲ-BK,TKR-033-Ⅲ-BK-0,0,4582796680803,2023/10/29,"¥35,800","¥11,330",FM12841
81,’ＴＯＢＡＲＩ’－Ⅲ　ＷＡＲＭ　ＴＷＩＬＬ　ＣＯＲＴＯＮ　ＧＡＴＨＥＲ　ＳＨＩＲＴ＿ＢＫ,ＴＯＫＩＡＲＩ ’ＴＯＢＡＲＩ’－Ⅲ　ＷＡＲＭ　ＴＷＩＬＬ　ＣＯＲＴＯＮ　ＧＡＴＨＥＲ　ＳＨＩＲＴ＿ＢＫ ギャザーシャツブラック TKR-033-Ⅲ-BK-1 1枚, 'TOBARI'-Ⅲ WARM TWILL CORTON GATHER SHIRT_BK,ギャザーシャツブラック,シャツ,501,510311,10001352,GTKR-033-Ⅲ,TKR-033-Ⅲ-BK,TKR-033-Ⅲ-BK-1,1,4582796680810,2023/10/29,"¥35,800","¥11,330",FM12841
82,’ＴＯＢＡＲＩ’－Ⅲ　ＷＡＲＭ　ＴＷＩＬＬ　ＣＯＲＴＯＮ　ＧＡＴＨＥＲ　ＳＨＩＲＴ＿ＢＫ,ＴＯＫＩＡＲＩ ’ＴＯＢＡＲＩ’－Ⅲ　ＷＡＲＭ　ＴＷＩＬＬ　ＣＯＲＴＯＮ　ＧＡＴＨＥＲ　ＳＨＩＲＴ＿ＢＫ ギャザーシャツブラック TKR-033-Ⅲ-BK-2 1枚, 'TOBARI'-Ⅲ WARM TWILL CORTON GATHER SHIRT_BK,ギャザーシャツブラック,シャツ,501,510311,10001352,GTKR-033-Ⅲ,TKR-033-Ⅲ-BK,TKR-033-Ⅲ-BK-2,2,4582796680827,2023/10/29,"¥35,800","¥11,330",FM12841
96,ＨＩＫＡＲＵ’－Ⅲ　ＷＡＲＭ　ＴＷＩＬＬ　ＣＯＲＴＯＮ　ＲＥＧＵＬＡＲ　ＳＨＩＲＴ＿ＢＫ,ＴＯＫＩＡＲＩ ＨＩＫＡＲＵ’－Ⅲ　ＷＡＲＭ　ＴＷＩＬＬ　ＣＯＲＴＯＮ　ＲＥＧＵＬＡＲ　ＳＨＩＲＴ＿ＢＫ ヒカルブラック TKR-036-Ⅲ-BK-0 1枚,HIKARU'-Ⅲ WARM TWILL CORTON REGULAR SHIRT_BK,ヒカルブラック,シャツ,501,510311,10001352,GTKR-036-Ⅲ,TKR-036-Ⅲ-BK,TKR-036-Ⅲ-BK-0,0,4582796680988,2023/10/29,"¥33,800","¥10,330",FM12841
97,ＨＩＫＡＲＵ’－Ⅲ　ＷＡＲＭ　ＴＷＩＬＬ　ＣＯＲＴＯＮ　ＲＥＧＵＬＡＲ　ＳＨＩＲＴ＿ＢＫ,ＴＯＫＩＡＲＩ ＨＩＫＡＲＵ’－Ⅲ　ＷＡＲＭ　ＴＷＩＬＬ　ＣＯＲＴＯＮ　ＲＥＧＵＬＡＲ　ＳＨＩＲＴ＿ＢＫ ヒカルブラック TKR-036-Ⅲ-BK-1 1枚,HIKARU'-Ⅲ WARM TWILL CORTON REGULAR SHIRT_BK,ヒカルブラック,シャツ,501,510311,10001352,GTKR-036-Ⅲ,TKR-036-Ⅲ-BK,TKR-036-Ⅲ-BK-1,1,4582796680971,2023/10/29,"¥33,800","¥10,330",FM12841
98,ＨＩＫＡＲＵ’－Ⅲ　ＷＡＲＭ　ＴＷＩＬＬ　ＣＯＲＴＯＮ　ＲＥＧＵＬＡＲ　ＳＨＩＲＴ＿ＢＫ,ＴＯＫＩＡＲＩ ＨＩＫＡＲＵ’－Ⅲ　ＷＡＲＭ　ＴＷＩＬＬ　ＣＯＲＴＯＮ　ＲＥＧＵＬＡＲ　ＳＨＩＲＴ＿ＢＫ ヒカルブラック TKR-036-Ⅲ-BK-0 1枚,HIKARU'-Ⅲ WARM TWILL CORTON REGULAR SHIRT_BK,ヒカルブラック,シャツ,501,510311,10001352,GTKR-036-Ⅲ,TKR-036-Ⅲ-BK,TKR-036-Ⅲ-BK-0,2,4582796680988,2023/10/29,"¥33,800","¥10,330",FM12841
114,’ＴＡＫＥＭＩＴＳＵ’－Ⅲ　ＷＡＲＭ　ＴＷＩＬＬ　ＣＯＲＴＯＮ　ＳＴＡＮＤ　ＣＯＬＬＡＲ　ＳＨＩＲＴ＿ＢＫ,ＴＯＫＩＡＲＩ ’ＴＡＫＥＭＩＴＳＵ’－Ⅲ　ＷＡＲＭ　ＴＷＩＬＬ　ＣＯＲＴＯＮ　ＳＴＡＮＤ　ＣＯＬＬＡＲ　ＳＨＩＲＴ＿ＢＫ タケミツブラック TKR-037-Ⅲ-BK-0 1枚, 'TAKEMITSU'-Ⅲ WARM TWILL CORTON STAND COLLAR SHIRT_BK,タケミツブラック,シャツ,501,510311,10001352,GTKR-037-Ⅲ,TKR-037-Ⅲ-BK,TKR-037-Ⅲ-BK-0,0,4582796681145,2023/10/29,"¥33,800","¥10,330",FM12841
115,’ＴＡＫＥＭＩＴＳＵ’－Ⅲ　ＷＡＲＭ　ＴＷＩＬＬ　ＣＯＲＴＯＮ　ＳＴＡＮＤ　ＣＯＬＬＡＲ　ＳＨＩＲＴ＿ＢＫ,ＴＯＫＩＡＲＩ ’ＴＡＫＥＭＩＴＳＵ’－Ⅲ　ＷＡＲＭ　ＴＷＩＬＬ　ＣＯＲＴＯＮ　ＳＴＡＮＤ　ＣＯＬＬＡＲ　ＳＨＩＲＴ＿ＢＫ タケミツブラック TKR-037-Ⅲ-BK-1 1枚, 'TAKEMITSU'-Ⅲ WARM TWILL CORTON STAND COLLAR SHIRT_BK,タケミツブラック,シャツ,501,510311,10001352,GTKR-037-Ⅲ,TKR-037-Ⅲ-BK,TKR-037-Ⅲ-BK-1,1,4582796681152,2023/10/29,"¥33,800","¥10,330",FM12841
116,’ＴＡＫＥＭＩＴＳＵ’－Ⅲ　ＷＡＲＭ　ＴＷＩＬＬ　ＣＯＲＴＯＮ　ＳＴＡＮＤ　ＣＯＬＬＡＲ　ＳＨＩＲＴ＿ＢＫ,ＴＯＫＩＡＲＩ ’ＴＡＫＥＭＩＴＳＵ’－Ⅲ　ＷＡＲＭ　ＴＷＩＬＬ　ＣＯＲＴＯＮ　ＳＴＡＮＤ　ＣＯＬＬＡＲ　ＳＨＩＲＴ＿ＢＫ タケミツブラック TKR-037-Ⅲ-BK-2 1枚, 'TAKEMITSU'-Ⅲ WARM TWILL CORTON STAND COLLAR SHIRT_BK,タケミツブラック,シャツ,501,510311,10001352,GTKR-037-Ⅲ,TKR-037-Ⅲ-BK,TKR-037-Ⅲ-BK-2,2,4582796681169,2023/10/29,"¥33,800","¥10,330",FM12841
138,ＤＩＥＧＯ’　ＡＴＥＬＩＥＲ　ＳＨＩＲＴ　ＣＯＡＴ＿ＷＨ,ＴＯＫＩＡＲＩ ＤＩＥＧＯ’　ＡＴＥＬＩＥＲ　ＳＨＩＲＴ　ＣＯＡＴ＿ＷＨ ディエゴカンクリーニホワイト TKR-044-Ⅱ-WH-A-F 1枚,DIEGO' ATELIER SHIRT COAT_WH,ディエゴカンクリーニホワイト,シャツ,501,510311,10001352,GTKR-044-Ⅱ,TKR-044-Ⅱ-WH-A,TKR-044-Ⅱ-WH-A-F,F,4582796681381,2023/10/29,"¥49,800","¥15,630",FM76410 co100%
139,ＤＩＥＧＯ’－Ⅱ　ＡＴＥＬＩＥＲ　ＳＨＩＲＴ　ＣＯＡＴ＿ＷＨ,ＴＯＫＩＡＲＩ ＤＩＥＧＯ’－Ⅱ　ＡＴＥＬＩＥＲ　ＳＨＩＲＴ　ＣＯＡＴ＿ＷＨ ディエゴカンクリーニホワイト TKR-044-Ⅱ-WH-B-F 1枚,DIEGO'-Ⅱ ATELIER SHIRT COAT_WH,ディエゴカンクリーニホワイト,シャツ,501,510311,10001352,GTKR-044-Ⅱ,TKR-044-Ⅱ-WH-B,TKR-044-Ⅱ-WH-B-F,F,4582796681398,2023/10/29,"¥49,800","¥15,630",FM76410 co100%
140,‘ＣＨＡＰＬＩＮ’　ＷＯＯＬ　ＤＥＦＯＲＭＥＲ　ＴＲＯＵＳＥＲＳ＿ＢＫ,ＴＯＫＩＡＲＩ ‘ＣＨＡＰＬＩＮ’　ＷＯＯＬ　ＤＥＦＯＲＭＥＲ　ＴＲＯＵＳＥＲＳ＿ＢＫ チャップリン TKR-045-F 1枚,‘CHAPLIN’ WOOL DEFORMER TROUSERS_BK,チャップリン,パンツ,501,510309,10001335,GTKR-045,TKR-045,TKR-045-F,F,4582796681404,2023/10/26,"¥59,800","¥20,262",WOOL 100%
130,ＰＨＡＮＴＯＭ’　ＬＯＮＧ　ＨＩＧＨＮＥＣＫ　ＳＨＩＲＴ＿ＢＫ,ＴＯＫＩＡＲＩ ＰＨＡＮＴＯＭ’　ＬＯＮＧ　ＨＩＧＨＮＥＣＫ　ＳＨＩＲＴ＿ＢＫ ファントム TKR-042-BK-1 1枚,PHANTOM' LONG HIGHNECK SHIRT_BK,ファントム,シャツ,501,510311,10001352,GTKR-042,TKR-042-BK,TKR-042-BK-1,1,4582796681305,2023/9/27,"¥49,800","¥12,830",FM12841
131,ＰＨＡＮＴＯＭ’　ＬＯＮＧ　ＨＩＧＨＮＥＣＫ　ＳＨＩＲＴ＿ＢＫ,ＴＯＫＩＡＲＩ ＰＨＡＮＴＯＭ’　ＬＯＮＧ　ＨＩＧＨＮＥＣＫ　ＳＨＩＲＴ＿ＢＫ ファントム TKR-042-BK-2 1枚,PHANTOM' LONG HIGHNECK SHIRT_BK,ファントム,シャツ,501,510311,10001352,GTKR-042,TKR-042-BK,TKR-042-BK-2,2,4582796681312,2023/9/27,"¥49,800","¥12,830",FM12841
120,ＭＩＳＨＩＭＡ’　ＳＴＡＲＣＨＥＤ　ＢＯＳＡＭ　ＣＬＡＳＳＩＣ　ＳＨＩＲＴ－ＢＫ,ＴＯＫＩＡＲＩ ＭＩＳＨＩＭＡ’　ＳＴＡＲＣＨＥＤ　ＢＯＳＡＭ　ＣＬＡＳＳＩＣ　ＳＨＩＲＴ－ＢＫ ミシマブラック TKR-039-BK-1 1枚,MISHIMA' STARCHED BOSAM CLASSIC SHIRT-BK,ミシマブラック,シャツ,501,510311,10001352,GTKR-039,TKR-039-BK,TKR-039-BK-1,1,4582796681206,2023/9/1,"¥38,500","¥11,033",FM6009/COTTON100%
121,ＭＩＳＨＩＭＡ’　ＳＴＡＲＣＨＥＤ　ＢＯＳＡＭ　ＣＬＡＳＳＩＣ　ＳＨＩＲＴ－ＢＫ,ＴＯＫＩＡＲＩ ＭＩＳＨＩＭＡ’　ＳＴＡＲＣＨＥＤ　ＢＯＳＡＭ　ＣＬＡＳＳＩＣ　ＳＨＩＲＴ－ＢＫ ミシマブラック TKR-039-BK-2 1枚,MISHIMA' STARCHED BOSAM CLASSIC SHIRT-BK,ミシマブラック,シャツ,501,510311,10001352,GTKR-039,TKR-039-BK,TKR-039-BK-2,2,4582796681213,2023/9/1,"¥38,500","¥11,033",FM6009/COTTON100%
126,ＲＥＩ’　ＳＱＵＡＲＥ　ＰＩＮＴＵＣＫ　ＢＯＺＡＭ　ＳＨＩＲＴ－ＢＫ,ＴＯＫＩＡＲＩ ＲＥＩ’　ＳＱＵＡＲＥ　ＰＩＮＴＵＣＫ　ＢＯＺＡＭ　ＳＨＩＲＴ－ＢＫ レイブラック TKR-040-BK-1 1枚,REI' SQUARE PINTUCK BOZAM SHIRT-BK,レイブラック,シャツ,501,510311,10001352,GTKR-040,TKR-040-BK,TKR-040-BK-1,1,4582796681268,2023/9/1,"¥35,800","¥9,933",FM6009/COTTON100%
127,ＲＥＩ’　ＳＱＵＡＲＥ　ＰＩＮＴＵＣＫ　ＢＯＺＡＭ　ＳＨＩＲＴ－ＢＫ,ＴＯＫＩＡＲＩ ＲＥＩ’　ＳＱＵＡＲＥ　ＰＩＮＴＵＣＫ　ＢＯＺＡＭ　ＳＨＩＲＴ－ＢＫ レイブラック TKR-040-BK-2 1枚,REI' SQUARE PINTUCK BOZAM SHIRT-BK,レイブラック,シャツ,501,510311,10001352,GTKR-040,TKR-040-BK,TKR-040-BK-2,2,4582796681275,2023/9/1,"¥35,800","¥9,933",FM6009/COTTON100%
129,ＲＥＩ’　ＳＱＵＡＲＥ　ＰＩＮＴＵＣＫ　ＢＯＺＡＭ　ＬＯＮＧ　ＳＨＩＲＴ－ＢＫ,ＴＯＫＩＡＲＩ ＲＥＩ’　ＳＱＵＡＲＥ　ＰＩＮＴＵＣＫ　ＢＯＺＡＭ　ＬＯＮＧ　ＳＨＩＲＴ－ＢＫ レイロングブラック TKR-041-BK-F 1枚,REI' SQUARE PINTUCK BOZAM LONG SHIRT-BK,レイロングブラック,シャツ,501,510311,10001352,GTKR-041,TKR-041-BK,TKR-041-BK-F,F,4582796681299,2023/9/1,"¥39,800","¥11,033",FM6009/COTTON100%
93,ＨＩＫＡＲＵ’　ＲＥＧＵＬＡＲ　ＳＨＩＲＴ＿ＷＨ（貝ボタン,ＴＯＫＩＡＲＩ ＨＩＫＡＲＵ’　ＲＥＧＵＬＡＲ　ＳＨＩＲＴ＿ＷＨ（貝ボタン ヒカルホワイト TKR-036-Ⅱ-WH-0 1枚,HIKARU' REGULAR SHIRT_WH(貝ボタン,ヒカルホワイト,シャツ,501,510311,10001352,GTKR-036-Ⅱ,TKR-036-Ⅱ-WH,TKR-036-Ⅱ-WH-0,0,4582796680933,2023/4/28,"¥29,800","¥9,933",FM82703/LINEN100%
94,ＨＩＫＡＲＵ’　ＲＥＧＵＬＡＲ　ＳＨＩＲＴ＿ＷＨ（貝ボタン,ＴＯＫＩＡＲＩ ＨＩＫＡＲＵ’　ＲＥＧＵＬＡＲ　ＳＨＩＲＴ＿ＷＨ（貝ボタン ヒカルホワイト TKR-036-Ⅱ-WH-1 1枚,HIKARU' REGULAR SHIRT_WH(貝ボタン,ヒカルホワイト,シャツ,501,510311,10001352,GTKR-036-Ⅱ,TKR-036-Ⅱ-WH,TKR-036-Ⅱ-WH-1,1,4582796680940,2023/4/28,"¥29,800","¥9,933",FM82703/LINEN100%
95,ＨＩＫＡＲＵ’　ＲＥＧＵＬＡＲ　ＳＨＩＲＴ＿ＷＨ（貝ボタン,ＴＯＫＩＡＲＩ ＨＩＫＡＲＵ’　ＲＥＧＵＬＡＲ　ＳＨＩＲＴ＿ＷＨ（貝ボタン ヒカルホワイト TKR-036-Ⅱ-WH-2 1枚,HIKARU' REGULAR SHIRT_WH(貝ボタン,ヒカルホワイト,シャツ,501,510311,10001352,GTKR-036-Ⅱ,TKR-036-Ⅱ-WH,TKR-036-Ⅱ-WH-2,2,4582796680957,2023/4/28,"¥29,800","¥9,933",FM82703/LINEN100%
105,ＳＯＥＴＳＵ’　ＳＴＡＮＤ　ＣＯＬＬＡＲ　ＳＨＩＲＴ＿ＷＨ,ＴＯＫＩＡＲＩ ＳＯＥＴＳＵ’　ＳＴＡＮＤ　ＣＯＬＬＡＲ　ＳＨＩＲＴ＿ＷＨ ソウエツホワイト TKR-037-Ⅱ-WH-0 1枚,SOETSU' STAND COLLAR SHIRT_WH,ソウエツホワイト,シャツ,501,510311,10001352,GTKR-037-Ⅱ,TKR-037-Ⅱ-WH,TKR-037-Ⅱ-WH-0,0,4582796681053,2023/4/28,"¥29,800","¥9,933",FM82703/LINEN100%
106,ＳＯＥＴＳＵ’　ＳＴＡＮＤ　ＣＯＬＬＡＲ　ＳＨＩＲＴ＿ＷＨ,ＴＯＫＩＡＲＩ ＳＯＥＴＳＵ’　ＳＴＡＮＤ　ＣＯＬＬＡＲ　ＳＨＩＲＴ＿ＷＨ ソウエツホワイト TKR-037-Ⅱ-WH-1 1枚,SOETSU' STAND COLLAR SHIRT_WH,ソウエツホワイト,シャツ,501,510311,10001352,GTKR-037-Ⅱ,TKR-037-Ⅱ-WH,TKR-037-Ⅱ-WH-1,1,4582796681060,2023/4/28,"¥29,800","¥9,933",FM82703/LINEN100%
107,ＳＯＥＴＳＵ’　ＳＴＡＮＤ　ＣＯＬＬＡＲ　ＳＨＩＲＴ＿ＷＨ,ＴＯＫＩＡＲＩ ＳＯＥＴＳＵ’　ＳＴＡＮＤ　ＣＯＬＬＡＲ　ＳＨＩＲＴ＿ＷＨ ソウエツホワイト TKR-037-Ⅱ-WH-2 1枚,SOETSU' STAND COLLAR SHIRT_WH,ソウエツホワイト,シャツ,501,510311,10001352,GTKR-037-Ⅱ,TKR-037-Ⅱ-WH,TKR-037-Ⅱ-WH-2,2,4582796681077,2023/4/28,"¥29,800","¥9,933",FM82703/LINEN100%
108,ＳＯＥＴＳＵ’　ＳＴＡＮＤ　ＣＯＬＬＡＲ　ＳＨＩＲＴ＿ＷＨ（貝ボタン,ＴＯＫＩＡＲＩ ＳＯＥＴＳＵ’　ＳＴＡＮＤ　ＣＯＬＬＡＲ　ＳＨＩＲＴ＿ＷＨ（貝ボタン ソウエツホワイト TKR-037-Ⅱ-WH-B-0 1枚,SOETSU' STAND COLLAR SHIRT_WH(貝ボタン,ソウエツホワイト,シャツ,501,510311,10001352,GTKR-037-Ⅱ,TKR-037-Ⅱ-WH-B,TKR-037-Ⅱ-WH-B-0,0,4582796681084,2023/4/28,"¥29,800","¥9,933",FM82703/LINEN100%
109,ＳＯＥＴＳＵ’　ＳＴＡＮＤ　ＣＯＬＬＡＲ　ＳＨＩＲＴ＿ＷＨ（貝ボタン,ＴＯＫＩＡＲＩ ＳＯＥＴＳＵ’　ＳＴＡＮＤ　ＣＯＬＬＡＲ　ＳＨＩＲＴ＿ＷＨ（貝ボタン ソウエツホワイト TKR-037-Ⅱ-WH-B-1 1枚,SOETSU' STAND COLLAR SHIRT_WH(貝ボタン,ソウエツホワイト,シャツ,501,510311,10001352,GTKR-037-Ⅱ,TKR-037-Ⅱ-WH-B,TKR-037-Ⅱ-WH-B-1,1,4582796681091,2023/4/28,"¥29,800","¥9,933",FM82703/LINEN100%
110,ＳＯＥＴＳＵ’　ＳＴＡＮＤ　ＣＯＬＬＡＲ　ＳＨＩＲＴ＿ＷＨ（貝ボタン,ＴＯＫＩＡＲＩ ＳＯＥＴＳＵ’　ＳＴＡＮＤ　ＣＯＬＬＡＲ　ＳＨＩＲＴ＿ＷＨ（貝ボタン ソウエツホワイト TKR-037-Ⅱ-WH-B-2 1枚,SOETSU' STAND COLLAR SHIRT_WH(貝ボタン,ソウエツホワイト,シャツ,501,510311,10001352,GTKR-037-Ⅱ,TKR-037-Ⅱ-WH-B,TKR-037-Ⅱ-WH-B-2,2,4582796681107,2023/4/28,"¥29,800","¥9,933",FM82703/LINEN100%
111,ＳＯＥＴＳＵ’　ＳＴＡＮＤ　ＣＯＬＬＡＲ　ＳＨＩＲＴ＿ＢＫ,ＴＯＫＩＡＲＩ ＳＯＥＴＳＵ’　ＳＴＡＮＤ　ＣＯＬＬＡＲ　ＳＨＩＲＴ＿ＢＫ ソウエツブラック TKR-037-Ⅱ-BK-0 1枚,SOETSU' STAND COLLAR SHIRT_BK,ソウエツブラック,シャツ,501,510311,10001352,GTKR-037-Ⅱ,TKR-037-Ⅱ-BK,TKR-037-Ⅱ-BK-0,0,4582796681114,2023/4/28,"¥29,800","¥9,933",FM82703/LINEN100%
112,ＳＯＥＴＳＵ’　ＳＴＡＮＤ　ＣＯＬＬＡＲ　ＳＨＩＲＴ＿ＢＫ,ＴＯＫＩＡＲＩ ＳＯＥＴＳＵ’　ＳＴＡＮＤ　ＣＯＬＬＡＲ　ＳＨＩＲＴ＿ＢＫ ソウエツブラック TKR-037-Ⅱ-BK-1 1枚,SOETSU' STAND COLLAR SHIRT_BK,ソウエツブラック,シャツ,501,510311,10001352,GTKR-037-Ⅱ,TKR-037-Ⅱ-BK,TKR-037-Ⅱ-BK-1,1,4582796681121,2023/4/28,"¥29,800","¥9,933",FM82703/LINEN100%
113,ＳＯＥＴＳＵ’　ＳＴＡＮＤ　ＣＯＬＬＡＲ　ＳＨＩＲＴ＿ＢＫ,ＴＯＫＩＡＲＩ ＳＯＥＴＳＵ’　ＳＴＡＮＤ　ＣＯＬＬＡＲ　ＳＨＩＲＴ＿ＢＫ ソウエツブラック TKR-037-Ⅱ-BK-2 1枚,SOETSU' STAND COLLAR SHIRT_BK,ソウエツブラック,シャツ,501,510311,10001352,GTKR-037-Ⅱ,TKR-037-Ⅱ-BK,TKR-037-Ⅱ-BK-2,2,4582796681138,2023/4/28,"¥29,800","¥9,933",FM82703/LINEN100%
122,ＭＩＳＨＩＭＡ’　ＳＴＡＲＣＨＥＤ　ＢＯＳＡＭ　ＣＬＡＳＳＩＣ　ＳＨＩＲＴ－ＷＨ,ＴＯＫＩＡＲＩ ＭＩＳＨＩＭＡ’　ＳＴＡＲＣＨＥＤ　ＢＯＳＡＭ　ＣＬＡＳＳＩＣ　ＳＨＩＲＴ－ＷＨ ミシマホワイト TKR-039-Ⅱ-WH-1 1枚,MISHIMA' STARCHED BOSAM CLASSIC SHIRT-WH,ミシマホワイト,シャツ,501,510311,10001352,GTKR-039-Ⅱ,TKR-039-Ⅱ-WH,TKR-039-Ⅱ-WH-1,1,4582796681220,2023/4/28,"¥39,800","¥12,030",FM82703/LINEN100%
123,ＭＩＳＨＩＭＡ’　ＳＴＡＲＣＨＥＤ　ＢＯＳＡＭ　ＣＬＡＳＳＩＣ　ＳＨＩＲＴ－ＷＨ,ＴＯＫＩＡＲＩ ＭＩＳＨＩＭＡ’　ＳＴＡＲＣＨＥＤ　ＢＯＳＡＭ　ＣＬＡＳＳＩＣ　ＳＨＩＲＴ－ＷＨ ミシマホワイト TKR-039-Ⅱ-WH-2 1枚,MISHIMA' STARCHED BOSAM CLASSIC SHIRT-WH,ミシマホワイト,シャツ,501,510311,10001352,GTKR-039-Ⅱ,TKR-039-Ⅱ-WH,TKR-039-Ⅱ-WH-2,2,4582796681237,2023/4/28,"¥39,800","¥12,030",FM82703/LINEN100%
74,ＧＡＴＨＥＲ　ＳＨＩＲＴ　／　ＴＯＢＡＲＩ＿ＷＨ,ＴＯＫＩＡＲＩ ＧＡＴＨＥＲ　ＳＨＩＲＴ　／　ＴＯＢＡＲＩ＿ＷＨ ギャザーシャツホワイト TKR-033-Ⅱ-WH-0 1枚,GATHER SHIRT / TOBARI_WH,ギャザーシャツホワイト,シャツ,501,510311,10001352,GTKR-033-Ⅱ,TKR-033-Ⅱ-WH,TKR-033-Ⅱ-WH-0,0,4582796680742,2023/2/4,"¥25,800","¥8,833",FM6000/COTTON100%
75,ＧＡＴＨＥＲ　ＳＨＩＲＴ　／　ＴＯＢＡＲＩ＿ＷＨ,ＴＯＫＩＡＲＩ ＧＡＴＨＥＲ　ＳＨＩＲＴ　／　ＴＯＢＡＲＩ＿ＷＨ ギャザーシャツホワイト TKR-033-Ⅱ-WH-1 1枚,GATHER SHIRT / TOBARI_WH,ギャザーシャツホワイト,シャツ,501,510311,10001352,GTKR-033-Ⅱ,TKR-033-Ⅱ-WH,TKR-033-Ⅱ-WH-1,1,4582796680759,2023/2/4,"¥25,800","¥8,833",FM6000/COTTON100%
76,ＧＡＴＨＥＲ　ＳＨＩＲＴ　／　ＴＯＢＡＲＩ＿ＷＨ,ＴＯＫＩＡＲＩ ＧＡＴＨＥＲ　ＳＨＩＲＴ　／　ＴＯＢＡＲＩ＿ＷＨ ギャザーシャツホワイト TKR-033-Ⅱ-WH-2 1枚,GATHER SHIRT / TOBARI_WH,ギャザーシャツホワイト,シャツ,501,510311,10001352,GTKR-033-Ⅱ,TKR-033-Ⅱ-WH,TKR-033-Ⅱ-WH-2,2,4582796680766,2023/2/4,"¥25,800","¥8,833",FM6000/COTTON100%
77,ＧＡＴＨＥＲ　ＳＨＩＲＴ　／　ＴＯＢＡＲＩ＿ＢＫ,ＴＯＫＩＡＲＩ ＧＡＴＨＥＲ　ＳＨＩＲＴ　／　ＴＯＢＡＲＩ＿ＢＫ ギャザーシャツブラック TKR-033-Ⅱ-BK-0 1枚,GATHER SHIRT / TOBARI_BK,ギャザーシャツブラック,シャツ,501,510311,10001352,GTKR-033-Ⅱ,TKR-033-Ⅱ-BK,TKR-033-Ⅱ-BK-0,0,4582796680773,2023/2/4,"¥25,800","¥8,063",FM6009/COTTON100%
78,ＧＡＴＨＥＲ　ＳＨＩＲＴ　／　ＴＯＢＡＲＩ＿ＢＫ,ＴＯＫＩＡＲＩ ＧＡＴＨＥＲ　ＳＨＩＲＴ　／　ＴＯＢＡＲＩ＿ＢＫ ギャザーシャツブラック TKR-033-Ⅱ-BK-1 1枚,GATHER SHIRT / TOBARI_BK,ギャザーシャツブラック,シャツ,501,510311,10001352,GTKR-033-Ⅱ,TKR-033-Ⅱ-BK,TKR-033-Ⅱ-BK-1,1,4582796680780,2023/2/4,"¥25,800","¥8,063",FM6009/COTTON100%
79,ＧＡＴＨＥＲ　ＳＨＩＲＴ　／　ＴＯＢＡＲＩ＿ＢＫ,ＴＯＫＩＡＲＩ ＧＡＴＨＥＲ　ＳＨＩＲＴ　／　ＴＯＢＡＲＩ＿ＢＫ ギャザーシャツブラック TKR-033-Ⅱ-BK-2 1枚,GATHER SHIRT / TOBARI_BK,ギャザーシャツブラック,シャツ,501,510311,10001352,GTKR-033-Ⅱ,TKR-033-Ⅱ-BK,TKR-033-Ⅱ-BK-2,2,4582796680797,2023/2/4,"¥25,800","¥8,063",FM6009/COTTON100%
87,ＨＩＫＡＲＵ’　ＲＥＧＵＬＡＲ　ＳＨＩＲＴ＿ＷＨ,ＴＯＫＩＡＲＩ ＨＩＫＡＲＵ’　ＲＥＧＵＬＡＲ　ＳＨＩＲＴ＿ＷＨ ヒカルホワイト TKR-036-WH-0 1枚,HIKARU' REGULAR SHIRT_WH,ヒカルホワイト,シャツ,501,510311,10001352,GTKR-036,TKR-036-WH,TKR-036-WH-0,0,4582796680872,2023/2/4,23800,7733,FM6000/COTTON100%
88,ＨＩＫＡＲＵ’　ＲＥＧＵＬＡＲ　ＳＨＩＲＴ＿ＷＨ,ＴＯＫＩＡＲＩ ＨＩＫＡＲＵ’　ＲＥＧＵＬＡＲ　ＳＨＩＲＴ＿ＷＨ ヒカルホワイト TKR-036-WH-1 1枚,HIKARU' REGULAR SHIRT_WH,ヒカルホワイト,シャツ,501,510311,10001352,GTKR-036,TKR-036-WH,TKR-036-WH-1,1,4582796680889,2023/2/4,23800,7733,FM6000/COTTON100%
89,ＨＩＫＡＲＵ’　ＲＥＧＵＬＡＲ　ＳＨＩＲＴ＿ＷＨ,ＴＯＫＩＡＲＩ ＨＩＫＡＲＵ’　ＲＥＧＵＬＡＲ　ＳＨＩＲＴ＿ＷＨ ヒカルホワイト TKR-036-WH 1枚,HIKARU' REGULAR SHIRT_WH,ヒカルホワイト,シャツ,501,510311,10001352,GTKR-036,TKR-036-WH,TKR-036-WH,2,4582796680896,2023/2/4,23800,7733,FM6000/COTTON100%
90,ＨＩＫＡＲＵ’　ＲＥＧＵＬＡＲ　ＳＨＩＲＴ＿ＢＫ,ＴＯＫＩＡＲＩ ＨＩＫＡＲＵ’　ＲＥＧＵＬＡＲ　ＳＨＩＲＴ＿ＢＫ ヒカルブラック TKR-036-BK 1枚,HIKARU' REGULAR SHIRT_BK,ヒカルブラック,シャツ,501,510311,10001352,GTKR-036,TKR-036-BK,TKR-036-BK,0,4582796680926,2023/2/4,23800,6963,FM6009/COTTON100%
91,ＨＩＫＡＲＵ’　ＲＥＧＵＬＡＲ　ＳＨＩＲＴ＿ＢＫ,ＴＯＫＩＡＲＩ ＨＩＫＡＲＵ’　ＲＥＧＵＬＡＲ　ＳＨＩＲＴ＿ＢＫ ヒカルブラック TKR-036-BK 1枚,HIKARU' REGULAR SHIRT_BK,ヒカルブラック,シャツ,501,510311,10001352,GTKR-036,TKR-036-BK,TKR-036-BK,1,4582796680926,2023/2/4,23800,6963,FM6009/COTTON100%
92,ＨＩＫＡＲＵ’　ＲＥＧＵＬＡＲ　ＳＨＩＲＴ＿ＢＫ,ＴＯＫＩＡＲＩ ＨＩＫＡＲＵ’　ＲＥＧＵＬＡＲ　ＳＨＩＲＴ＿ＢＫ ヒカルブラック TKR-036-BK 1枚,HIKARU' REGULAR SHIRT_BK,ヒカルブラック,シャツ,501,510311,10001352,GTKR-036,TKR-036-BK,TKR-036-BK,2,4582796680926,2023/2/4,23800,6963,FM6009/COTTON100%
99,ＴＡＫＥＭＩＴＳＵ’　ＳＴＡＮＤ　ＣＯＬＬＡＲ　ＳＨＩＲＴ＿ＷＨ,ＴＯＫＩＡＲＩ ＴＡＫＥＭＩＴＳＵ’　ＳＴＡＮＤ　ＣＯＬＬＡＲ　ＳＨＩＲＴ＿ＷＨ タケミツホワイト TKR-037-WH-0 1枚,TAKEMITSU' STAND COLLAR SHIRT_WH,タケミツホワイト,シャツ,501,510311,10001352,GTKR-037,TKR-037-WH,TKR-037-WH-0,0,4582796680995,2023/2/4,"¥23,800","¥7,733",FM6000/COTTON100%
100,ＴＡＫＥＭＩＴＳＵ’　ＳＴＡＮＤ　ＣＯＬＬＡＲ　ＳＨＩＲＴ＿ＷＨ,ＴＯＫＩＡＲＩ ＴＡＫＥＭＩＴＳＵ’　ＳＴＡＮＤ　ＣＯＬＬＡＲ　ＳＨＩＲＴ＿ＷＨ タケミツホワイト TKR-037-WH-1 1枚,TAKEMITSU' STAND COLLAR SHIRT_WH,タケミツホワイト,シャツ,501,510311,10001352,GTKR-037,TKR-037-WH,TKR-037-WH-1,1,4582796681008,2023/2/4,"¥23,800","¥7,733",FM6000/COTTON100%
101,ＴＡＫＥＭＩＴＳＵ’　ＳＴＡＮＤ　ＣＯＬＬＡＲ　ＳＨＩＲＴ＿ＷＨ,ＴＯＫＩＡＲＩ ＴＡＫＥＭＩＴＳＵ’　ＳＴＡＮＤ　ＣＯＬＬＡＲ　ＳＨＩＲＴ＿ＷＨ タケミツホワイト TKR-037-WH-2 1枚,TAKEMITSU' STAND COLLAR SHIRT_WH,タケミツホワイト,シャツ,501,510311,10001352,GTKR-037,TKR-037-WH,TKR-037-WH-2,2,4582796681015,2023/2/4,"¥23,800","¥7,733",FM6000/COTTON100%
102,ＴＡＫＥＭＩＴＳＵ’　ＳＴＡＮＤ　ＣＯＬＬＡＲ　ＳＨＩＲＴ＿ＢＫ,ＴＯＫＩＡＲＩ ＴＡＫＥＭＩＴＳＵ’　ＳＴＡＮＤ　ＣＯＬＬＡＲ　ＳＨＩＲＴ＿ＢＫ タケミツブラック TKR-037-BK-0 1枚,TAKEMITSU' STAND COLLAR SHIRT_BK,タケミツブラック,シャツ,501,510311,10001352,GTKR-037,TKR-037-BK,TKR-037-BK-0,0,4582796681022,2023/2/4,"¥23,800","¥7,040",FM6009/COTTON100%
103,ＴＡＫＥＭＩＴＳＵ’　ＳＴＡＮＤ　ＣＯＬＬＡＲ　ＳＨＩＲＴ＿ＢＫ,ＴＯＫＩＡＲＩ ＴＡＫＥＭＩＴＳＵ’　ＳＴＡＮＤ　ＣＯＬＬＡＲ　ＳＨＩＲＴ＿ＢＫ タケミツブラック TKR-037-BK-1 1枚,TAKEMITSU' STAND COLLAR SHIRT_BK,タケミツブラック,シャツ,501,510311,10001352,GTKR-037,TKR-037-BK,TKR-037-BK-1,1,4582796681039,2023/2/4,"¥23,800","¥7,040",FM6009/COTTON100%
104,ＴＡＫＥＭＩＴＳＵ’　ＳＴＡＮＤ　ＣＯＬＬＡＲ　ＳＨＩＲＴ＿ＢＫ,ＴＯＫＩＡＲＩ ＴＡＫＥＭＩＴＳＵ’　ＳＴＡＮＤ　ＣＯＬＬＡＲ　ＳＨＩＲＴ＿ＢＫ タケミツブラック TKR-037-BK-2 1枚,TAKEMITSU' STAND COLLAR SHIRT_BK,タケミツブラック,シャツ,501,510311,10001352,GTKR-037,TKR-037-BK,TKR-037-BK-2,2,4582796681046,2023/2/4,"¥23,800","¥7,040",FM6009/COTTON100%
117,ＧＵＥＶＡＲＡ’　ＡＲＭＹ　ＳＨＩＲＴ＿ＢＫ,ＴＯＫＩＡＲＩ ＧＵＥＶＡＲＡ’　ＡＲＭＹ　ＳＨＩＲＴ＿ＢＫ チェキバラ TKR-038-BK-2 1枚,GUEVARA' ARMY SHIRT_BK,チェキバラ,シャツ,501,510311,10001352,GTKR-038,TKR-038-BK,TKR-038-BK-2,2,4582796681176,2023/2/4,"¥29,800","¥8,690",FM6009/COTTON100%
118,ＭＩＳＨＩＭＡ’　ＳＴＡＲＣＨＥＤ　ＢＯＳＡＭ　ＣＬＡＳＳＩＣ　ＳＨＩＲＴ－ＷＨ,ＴＯＫＩＡＲＩ ＭＩＳＨＩＭＡ’　ＳＴＡＲＣＨＥＤ　ＢＯＳＡＭ　ＣＬＡＳＳＩＣ　ＳＨＩＲＴ－ＷＨ ミシマホワイト TKR-039-WH-1 1枚,MISHIMA' STARCHED BOSAM CLASSIC SHIRT-WH,ミシマホワイト,シャツ,501,510311,10001352,GTKR-039,TKR-039-WH,TKR-039-WH-1,1,4582796681183,2023/2/4,"¥38,500","¥11,033",FM6000/COTTON100%
119,ＭＩＳＨＩＭＡ’　ＳＴＡＲＣＨＥＤ　ＢＯＳＡＭ　ＣＬＡＳＳＩＣ　ＳＨＩＲＴ－ＷＨ,ＴＯＫＩＡＲＩ ＭＩＳＨＩＭＡ’　ＳＴＡＲＣＨＥＤ　ＢＯＳＡＭ　ＣＬＡＳＳＩＣ　ＳＨＩＲＴ－ＷＨ ミシマホワイト TKR-039-WH-2 1枚,MISHIMA' STARCHED BOSAM CLASSIC SHIRT-WH,ミシマホワイト,シャツ,501,510311,10001352,GTKR-039,TKR-039-WH,TKR-039-WH-2,2,4582796681190,2023/2/4,"¥38,500","¥11,033",FM6000/COTTON100%
124,ＲＥＩ’　ＳＱＵＡＲＥ　ＰＩＮＴＵＣＫ　ＢＯＺＡＭ　ＳＨＩＲＴ－ＷＨ,ＴＯＫＩＡＲＩ ＲＥＩ’　ＳＱＵＡＲＥ　ＰＩＮＴＵＣＫ　ＢＯＺＡＭ　ＳＨＩＲＴ－ＷＨ レイホワイト TKR-040-WH-1 1枚,REI' SQUARE PINTUCK BOZAM SHIRT-WH,レイホワイト,シャツ,501,510311,10001352,GTKR-040,TKR-040-WH,TKR-040-WH-1,1,4582796681244,2023/2/4,"¥35,800","¥9,933",FM6000/COTTON100%
125,ＲＥＩ’　ＳＱＵＡＲＥ　ＰＩＮＴＵＣＫ　ＢＯＺＡＭ　ＳＨＩＲＴ－ＷＨ,ＴＯＫＩＡＲＩ ＲＥＩ’　ＳＱＵＡＲＥ　ＰＩＮＴＵＣＫ　ＢＯＺＡＭ　ＳＨＩＲＴ－ＷＨ レイホワイト TKR-040-WH-2 1枚,REI' SQUARE PINTUCK BOZAM SHIRT-WH,レイホワイト,シャツ,501,510311,10001352,GTKR-040,TKR-040-WH,TKR-040-WH-2,2,4582796681251,2023/2/4,"¥35,800","¥9,933",FM6000/COTTON100%
128,ＲＥＩ’　ＳＱＵＡＲＥ　ＰＩＮＴＵＣＫ　ＢＯＺＡＭ　ＬＯＮＧ　ＳＨＩＲＴ－ＷＨ,ＴＯＫＩＡＲＩ ＲＥＩ’　ＳＱＵＡＲＥ　ＰＩＮＴＵＣＫ　ＢＯＺＡＭ　ＬＯＮＧ　ＳＨＩＲＴ－ＷＨ レイロングホワイト TKR-041-WH-F 1枚,REI' SQUARE PINTUCK BOZAM LONG SHIRT-WH,レイロングホワイト,シャツ,501,510311,10001352,GTKR-041,TKR-041-WH,TKR-041-WH-F,F,4582796681282,2023/2/4,"¥39,800","¥11,033",FM6000/COTTON100%
132,ＴＯＢＡＬＩ’　ＬＯＮＧ　ＧＡＴＨＥＲ　ＳＨＩＲＴ＿ＷＨ,ＴＯＫＩＡＲＩ ＴＯＢＡＬＩ’　ＬＯＮＧ　ＧＡＴＨＥＲ　ＳＨＩＲＴ＿ＷＨ トバリロングホワイト TKR-043-WH-1 1枚,TOBALI' LONG GATHER SHIRT_WH,トバリロングホワイト,シャツ,501,510311,10001352,GTKR-043,TKR-043-WH,TKR-043-WH-1,1,4582796681329,2023/2/4,"¥39,800","¥12,133",FM82703/LINEN100%
133,ＴＯＢＡＬＩ’　ＬＯＮＧ　ＧＡＴＨＥＲ　ＳＨＩＲＴ＿ＷＨ,ＴＯＫＩＡＲＩ ＴＯＢＡＬＩ’　ＬＯＮＧ　ＧＡＴＨＥＲ　ＳＨＩＲＴ＿ＷＨ トバリロングホワイト TKR-043-WH-2 1枚,TOBALI' LONG GATHER SHIRT_WH,トバリロングホワイト,シャツ,501,510311,10001352,GTKR-043,TKR-043-WH,TKR-043-WH-2,2,4582796681336,2023/2/4,"¥39,800","¥12,133",FM82703/LINEN100%
134,ＴＯＢＡＬＩ’　ＬＯＮＧ　ＧＡＴＨＥＲ　ＳＨＩＲＴ＿ＢＫ,ＴＯＫＩＡＲＩ ＴＯＢＡＬＩ’　ＬＯＮＧ　ＧＡＴＨＥＲ　ＳＨＩＲＴ＿ＢＫ トバリロングブラック TKR-043-BK-1 1枚,TOBALI' LONG GATHER SHIRT_BK,トバリロングブラック,シャツ,501,510311,10001352,GTKR-043,TKR-043-BK,TKR-043-BK-1,1,4582796681343,2023/2/4,"¥39,800","¥11,363",FM82703/LINEN100%
135,ＴＯＢＡＬＩ’　ＬＯＮＧ　ＧＡＴＨＥＲ　ＳＨＩＲＴ＿ＢＫ,ＴＯＫＩＡＲＩ ＴＯＢＡＬＩ’　ＬＯＮＧ　ＧＡＴＨＥＲ　ＳＨＩＲＴ＿ＢＫ トバリロングブラック TKR-043-BK-2 1枚,TOBALI' LONG GATHER SHIRT_BK,トバリロングブラック,シャツ,501,510311,10001352,GTKR-043,TKR-043-BK,TKR-043-BK-2,2,4582796681350,2023/2/4,"¥39,800","¥11,363",FM82703/LINEN100%
136,ＤＩＥＧＯ’　ＶＩＮＴＡＧＥ　ＯＸ　ＡＴＥＬＩＥＲ　ＳＨＩＲＴ　ＣＯＡＴ＿ＷＨ,ＴＯＫＩＡＲＩ ＤＩＥＧＯ’　ＶＩＮＴＡＧＥ　ＯＸ　ＡＴＥＬＩＥＲ　ＳＨＩＲＴ　ＣＯＡＴ＿ＷＨ ディエゴビンテージホワイト TKR-044-WH-F 1枚,DIEGO' VINTAGE OX ATELIER SHIRT COAT_WH,ディエゴビンテージホワイト,シャツ,501,510311,10001352,GTKR-044,TKR-044-WH,TKR-044-WH-F,F,4582796681367,2023/2/4,"¥43,800","¥14,163",FM19190
137,ＤＩＥＧＯ’　ＶＩＮＴＡＧＥ　ＯＸ　ＡＴＥＬＩＥＲ　ＳＨＩＲＴ　ＣＯＡＴ＿ＢＫ,ＴＯＫＩＡＲＩ ＤＩＥＧＯ’　ＶＩＮＴＡＧＥ　ＯＸ　ＡＴＥＬＩＥＲ　ＳＨＩＲＴ　ＣＯＡＴ＿ＢＫ ディエゴビンテージブラック TKR-044-BK-F 1枚,DIEGO' VINTAGE OX ATELIER SHIRT COAT_BK,ディエゴビンテージブラック,シャツ,501,510311,10001352,GTKR-044,TKR-044-BK,TKR-044-BK-F,F,4582796681374,2023/2/4,"¥48,900","¥15,433",FM19190/硫化染黒
23,ＢＬＯＯＭ’　ＷＯＯＬ　ＣＯＴＴＯＮ　ＦＬＥＥＣＥ　ＳＷＥＡＴＳＨＩＲＴ＿ＲＵ,ＴＯＫＩＡＲＩ ＢＬＯＯＭ’　ＷＯＯＬ　ＣＯＴＴＯＮ　ＦＬＥＥＣＥ　ＳＷＥＡＴＳＨＩＲＴ＿ＲＵ ブルームローアンバー TKR-018-RU-F 1枚,BLOOM' WOOL COTTON FLEECE SWEATSHIRT_RU,ブルームローアンバー,トップス,501,510307,10001351,GTKR-018,TKR-018-RU,TKR-018-RU-F,F,4582796680230,2022/11/1,"¥29,800","¥11,123",DCT0140/クラウディ裏毛/7ローアンバー
24,ＢＬＯＯＭ’　ＷＯＯＬ　ＣＯＴＴＯＮ　ＦＬＥＥＣＥ　ＳＷＥＡＴＳＨＩＲＴ＿ＢＫ,ＴＯＫＩＡＲＩ ＢＬＯＯＭ’　ＷＯＯＬ　ＣＯＴＴＯＮ　ＦＬＥＥＣＥ　ＳＷＥＡＴＳＨＩＲＴ＿ＢＫ ブルームブラック TKR-018-BK-F 1枚,BLOOM' WOOL COTTON FLEECE SWEATSHIRT_BK,ブルームブラック,トップス,501,510307,10001351,GTKR-018,TKR-018-BK,TKR-018-BK-F,F,4582796680247,2022/11/1,"¥29,800","¥11,123",DCT0140/クラウディ裏毛/7ローアンバー
25,ＢＥＡＲ’　ＷＯＯＬ　ＣＯＴＴＯＮ　ＦＬＥＥＣＥ　ＲＵＧＢＹ　ＳＨＩＲＴ＿ＲＵ,ＴＯＫＩＡＲＩ ＢＥＡＲ’　ＷＯＯＬ　ＣＯＴＴＯＮ　ＦＬＥＥＣＥ　ＲＵＧＢＹ　ＳＨＩＲＴ＿ＲＵ ベアーローアンバー TKR-019-RU-F 1枚,BEAR' WOOL COTTON FLEECE RUGBY SHIRT_RU,ベアーローアンバー,トップス,501,510307,10001351,GTKR-019,TKR-019-RU,TKR-019-RU-F,F,4582796680254,2022/11/1,"¥29,800","¥11,123",DCT0140/クラウディ裏毛/7ローアンバー
26,ＢＥＡＲ’　ＷＯＯＬ　ＣＯＴＴＯＮ　ＦＬＥＥＣＥ　ＲＵＧＢＹ　ＳＨＩＲＴ＿ＢＫ,ＴＯＫＩＡＲＩ ＢＥＡＲ’　ＷＯＯＬ　ＣＯＴＴＯＮ　ＦＬＥＥＣＥ　ＲＵＧＢＹ　ＳＨＩＲＴ＿ＢＫ ベアーブラック TKR-019-BK-F 1枚,BEAR' WOOL COTTON FLEECE RUGBY SHIRT_BK,ベアーブラック,トップス,501,510307,10001351,GTKR-019,TKR-019-BK,TKR-019-BK-F,F,4582796680261,2022/11/1,"¥29,800","¥11,123",DCT0140/クラウディ裏毛/7ローアンバー
27,ＲＥＸ’　　ＷＯＯＬ　ＣＯＴＴＯＮ　ＦＬＥＥＣＥ　ＦＬＡＲＥＤ　ＰＡＮＴＳ＿ＲＵ,ＴＯＫＩＡＲＩ ＲＥＸ’　　ＷＯＯＬ　ＣＯＴＴＯＮ　ＦＬＥＥＣＥ　ＦＬＡＲＥＤ　ＰＡＮＴＳ＿ＲＵ レックスローアンバー TKR-016-Ⅱ-RU-1 1枚,REX'  WOOL COTTON FLEECE FLARED PANTS_RU,レックスローアンバー,パンツ,501,510309,10001335,GTKR-016-Ⅱ,TKR-016-Ⅱ-RU,TKR-016-Ⅱ-RU-1,1,4582796680278,2022/11/1,"¥33,800","¥12,123",DCT0140/クラウディ裏毛/7ローアンバー
28,ＲＥＸ’　　ＷＯＯＬ　ＣＯＴＴＯＮ　ＦＬＥＥＣＥ　ＦＬＡＲＥＤ　ＰＡＮＴＳ＿ＲＵ,ＴＯＫＩＡＲＩ ＲＥＸ’　　ＷＯＯＬ　ＣＯＴＴＯＮ　ＦＬＥＥＣＥ　ＦＬＡＲＥＤ　ＰＡＮＴＳ＿ＲＵ レックスローアンバー TKR-016-Ⅱ-RU-2 1枚,REX'  WOOL COTTON FLEECE FLARED PANTS_RU,レックスローアンバー,パンツ,501,510309,10001335,GTKR-016-Ⅱ,TKR-016-Ⅱ-RU,TKR-016-Ⅱ-RU-2,2,4582796680285,2022/11/1,"¥33,800","¥12,123",DCT0140/クラウディ裏毛/7ローアンバー
29,ＲＥＸ’　　ＷＯＯＬ　ＣＯＴＴＯＮ　ＦＬＥＥＣＥ　ＦＬＡＲＥＤ　ＰＡＮＴＳ＿ＢＫ,ＴＯＫＩＡＲＩ ＲＥＸ’　　ＷＯＯＬ　ＣＯＴＴＯＮ　ＦＬＥＥＣＥ　ＦＬＡＲＥＤ　ＰＡＮＴＳ＿ＢＫ レックスブラック TKR-016-Ⅱ-BK-1 1枚,REX'  WOOL COTTON FLEECE FLARED PANTS_BK,レックスブラック,パンツ,501,510309,10001335,GTKR-016-Ⅱ,TKR-016-Ⅱ-BK,TKR-016-Ⅱ-BK-1,1,4582796680292,2022/11/1,"¥33,800","¥12,123",DCT0140/クラウディ裏毛/7ローアンバー
30,ＲＥＸ’　　ＷＯＯＬ　ＣＯＴＴＯＮ　ＦＬＥＥＣＥ　ＦＬＡＲＥＤ　ＰＡＮＴＳ＿ＢＫ,ＴＯＫＩＡＲＩ ＲＥＸ’　　ＷＯＯＬ　ＣＯＴＴＯＮ　ＦＬＥＥＣＥ　ＦＬＡＲＥＤ　ＰＡＮＴＳ＿ＢＫ レックスブラック TKR-016-Ⅱ-BK-2 1枚,REX'  WOOL COTTON FLEECE FLARED PANTS_BK,レックスブラック,パンツ,501,510309,10001335,GTKR-016-Ⅱ,TKR-016-Ⅱ-BK,TKR-016-Ⅱ-BK-2,2,4582796680308,2022/11/1,"¥33,800","¥12,123",DCT0140/クラウディ裏毛/7ローアンバー
31,ＭＵＤＭＥＮ’　ＷＯＯＬ　ＣＯＴＴＯＮ　ＦＬＥＥＣＥ　ＹＯＧＡ　ＰＡＮＴＳ＿ＲＵ,ＴＯＫＩＡＲＩ ＭＵＤＭＥＮ’　ＷＯＯＬ　ＣＯＴＴＯＮ　ＦＬＥＥＣＥ　ＹＯＧＡ　ＰＡＮＴＳ＿ＲＵ マッドメンローアンバー TKR-017-Ⅱ-RU-1 1枚,MUDMEN' WOOL COTTON FLEECE YOGA PANTS_RU,マッドメンローアンバー,パンツ,501,510309,10001335,GTKR-017-Ⅱ,TKR-017-Ⅱ-RU,TKR-017-Ⅱ-RU-1,1,4582796680315,2022/11/1,"¥34,800","¥13,123",DCT0140/クラウディ裏毛/7ローアンバー
32,ＭＵＤＭＥＮ’　ＷＯＯＬ　ＣＯＴＴＯＮ　ＦＬＥＥＣＥ　ＹＯＧＡ　ＰＡＮＴＳ＿ＲＵ,ＴＯＫＩＡＲＩ ＭＵＤＭＥＮ’　ＷＯＯＬ　ＣＯＴＴＯＮ　ＦＬＥＥＣＥ　ＹＯＧＡ　ＰＡＮＴＳ＿ＲＵ マッドメンローアンバー TKR-017-Ⅱ-RU-2 1枚,MUDMEN' WOOL COTTON FLEECE YOGA PANTS_RU,マッドメンローアンバー,パンツ,501,510309,10001335,GTKR-017-Ⅱ,TKR-017-Ⅱ-RU,TKR-017-Ⅱ-RU-2,2,4582796680322,2022/11/1,"¥34,800","¥13,123",DCT0140/クラウディ裏毛/7ローアンバー
33,ＭＵＤＭＥＮ’　ＷＯＯＬ　ＣＯＴＴＯＮ　ＦＬＥＥＣＥ　ＹＯＧＡ　ＰＡＮＴＳ＿ＢＫ,ＴＯＫＩＡＲＩ ＭＵＤＭＥＮ’　ＷＯＯＬ　ＣＯＴＴＯＮ　ＦＬＥＥＣＥ　ＹＯＧＡ　ＰＡＮＴＳ＿ＢＫ マッドメンブラック TKR-017-Ⅱ-BK-1 1枚,MUDMEN' WOOL COTTON FLEECE YOGA PANTS_BK,マッドメンブラック,パンツ,501,510309,10001335,GTKR-017-Ⅱ,TKR-017-Ⅱ-BK,TKR-017-Ⅱ-BK-1,1,4582796680339,2022/11/1,"¥34,800","¥13,123",DCT0140/クラウディ裏毛/7ローアンバー
34,ＭＵＤＭＥＮ’　ＷＯＯＬ　ＣＯＴＴＯＮ　ＦＬＥＥＣＥ　ＹＯＧＡ　ＰＡＮＴＳ＿ＢＫ,ＴＯＫＩＡＲＩ ＭＵＤＭＥＮ’　ＷＯＯＬ　ＣＯＴＴＯＮ　ＦＬＥＥＣＥ　ＹＯＧＡ　ＰＡＮＴＳ＿ＢＫ マッドメンブラック TKR-017-Ⅱ-BK-2 1枚,MUDMEN' WOOL COTTON FLEECE YOGA PANTS_BK,マッドメンブラック,パンツ,501,510309,10001335,GTKR-017-Ⅱ,TKR-017-Ⅱ-BK,TKR-017-Ⅱ-BK-2,2,4582796680346,2022/11/1,"¥34,800","¥13,123",DCT0140/クラウディ裏毛/7ローアンバー
58,ＷＯＫＥＲ’　ＲＡＭＩＥ　ＬＩＮＥＮ　ＷＯＯＬ　ＴＷＯ　ＴＵＣＫ　ＰＡＮＴＳ＿ＢＫ,ＴＯＫＩＡＲＩ ＷＯＫＥＲ’　ＲＡＭＩＥ　ＬＩＮＥＮ　ＷＯＯＬ　ＴＷＯ　ＴＵＣＫ　ＰＡＮＴＳ＿ＢＫ ウォーカーブラック TKR-026-BK-F 1枚,WOKER' RAMIE LINEN WOOL TWO TUCK PANTS_BK,ウォーカーブラック,パンツ,501,510309,10001335,GTKR-026,TKR-026-BK,TKR-026-BK-F,F,4582796680582,2022/11/1,"¥39,800","¥16,123","DK4344ND 1/40 ベルギーリネンウールビエラ/L87,W13%"
59,ＷＯＫＥＲ’　ＲＡＭＩＥ　ＬＩＮＥＮ　ＷＯＯＬ　ＴＷＯ　ＴＵＣＫ　ＰＡＮＴＳ＿ＢＲ,ＴＯＫＩＡＲＩ ＷＯＫＥＲ’　ＲＡＭＩＥ　ＬＩＮＥＮ　ＷＯＯＬ　ＴＷＯ　ＴＵＣＫ　ＰＡＮＴＳ＿ＢＲ ウォーカーブラウン TKR-026-BR-F 1枚,WOKER' RAMIE LINEN WOOL TWO TUCK PANTS_BR,ウォーカーブラウン,パンツ,501,510309,10001335,GTKR-026,TKR-026-BR,TKR-026-BR-F,F,4582796680599,2022/11/1,"¥39,800","¥16,123","DK4344ND 1/40 ベルギーリネンウールビエラ/L87,W13%"
60,ＭＵＤＭＥＮ－Ⅱ’　ＲＡＭＩＥ　ＬＩＮＥＮ　ＷＯＯＬ　ＯＮＥ　ＴＵＣＫ　ＹＯＧＡ　ＰＡＮＴＳ＿ＢＫ,ＴＯＫＩＡＲＩ ＭＵＤＭＥＮ－Ⅱ’　ＲＡＭＩＥ　ＬＩＮＥＮ　ＷＯＯＬ　ＯＮＥ　ＴＵＣＫ　ＹＯＧＡ　ＰＡＮＴＳ＿ＢＫ マッドメンブラック TKR-027-BK-F 1枚,MUDMEN-Ⅱ' RAMIE LINEN WOOL ONE TUCK YOGA PANTS_BK,マッドメンブラック,パンツ,501,510309,10001335,GTKR-027,TKR-027-BK,TKR-027-BK-F,F,4582796680605,2022/11/1,"¥39,800","¥16,123","DK4344ND 1/40 ベルギーリネンウールビエラ/L87,W13%"
61,ＭＵＤＭＥＮ－Ⅱ’　ＲＡＭＩＥ　ＬＩＮＥＮ　ＷＯＯＬ　ＯＮＥ　ＴＵＣＫ　ＹＯＧＡ　ＰＡＮＴＳ＿ＢＲ,ＴＯＫＩＡＲＩ ＭＵＤＭＥＮ－Ⅱ’　ＲＡＭＩＥ　ＬＩＮＥＮ　ＷＯＯＬ　ＯＮＥ　ＴＵＣＫ　ＹＯＧＡ　ＰＡＮＴＳ＿ＢＲ マッドメンブラウン TKR-027-BR-F 1枚,MUDMEN-Ⅱ' RAMIE LINEN WOOL ONE TUCK YOGA PANTS_BR,マッドメンブラウン,パンツ,501,510309,10001335,GTKR-027,TKR-027-BR,TKR-027-BR-F,F,4582796680612,2022/11/1,"¥39,800","¥16,123","DK4344ND 1/40 ベルギーリネンウールビエラ/L87,W13%"
62,ＤＯＧＵ’　ＲＡＭＩＥ　ＬＩＮＥＮ　ＷＯＯＬ　ＢＯＭＢＥＲ　ＢＬＯＵＳＯＮ＿ＫＨ,ＴＯＫＩＡＲＩ ＤＯＧＵ’　ＲＡＭＩＥ　ＬＩＮＥＮ　ＷＯＯＬ　ＢＯＭＢＥＲ　ＢＬＯＵＳＯＮ＿ＫＨ ドグウボンバー TKR-028-F 1枚,DOGU' RAMIE LINEN WOOL BOMBER BLOUSON_KH,ドグウボンバー,アウター,501,510305,10001350,GTKR-028,TKR-028,TKR-028-F,F,4582796680629,2022/11/1,"¥88,000","¥29,923","DK4344ND 1/40 ベルギーリネンウールビエラ/L87,W13%"
56,ＢＯＮＥ’　ＨＥＲＲＩＮＧＢＯＮＥ　ＩＮＤＩＧＯ　ＤＥＮＩＭ　ＳＨＩＲＴ＿ＩＢ,ＴＯＫＩＡＲＩ ＢＯＮＥ’　ＨＥＲＲＩＮＧＢＯＮＥ　ＩＮＤＩＧＯ　ＤＥＮＩＭ　ＳＨＩＲＴ＿ＩＢ ボーン TKR-024-Ⅱ-1 1枚,BONE' HERRINGBONE INDIGO DENIM SHIRT_IB,ボーン,シャツ,501,510311,10001352,GTKR-024-Ⅱ,TKR-024-Ⅱ,TKR-024-Ⅱ-1,1,4582796680575,2022/10/9,"¥35,800","¥11,023",コットンヘリンボーン
39,ＷＲＩＴＥＲ’　ＶＩＮＴＡＧＥ　ＣＯＴＴＯＮ　Ｂ．Ｄ　ＳＨＩＲＴ＿ＷＨ,ＴＯＫＩＡＲＩ ＷＲＩＴＥＲ’　ＶＩＮＴＡＧＥ　ＣＯＴＴＯＮ　Ｂ．Ｄ　ＳＨＩＲＴ＿ＷＨ ライタービンテージホワイト TKR-021-VT-WH-0 1枚,WRITER' VINTAGE COTTON B.D SHIRT_WH,ライタービンテージホワイト,シャツ,501,510311,10001352,GTKR-021-VT,TKR-021-VT-WH,TKR-021-VT-WH-0,0,4582796680391,2022/7/9,"¥27,800","¥9,523",ビンテージオックスフォード/FM19190
40,ＷＲＩＴＥＲ’　ＶＩＮＴＡＧＥ　ＣＯＴＴＯＮ　Ｂ．Ｄ　ＳＨＩＲＴ＿ＷＨ,ＴＯＫＩＡＲＩ ＷＲＩＴＥＲ’　ＶＩＮＴＡＧＥ　ＣＯＴＴＯＮ　Ｂ．Ｄ　ＳＨＩＲＴ＿ＷＨ ライタービンテージホワイト TKR-021-VT-WH-1 1枚,WRITER' VINTAGE COTTON B.D SHIRT_WH,ライタービンテージホワイト,シャツ,501,510311,10001352,GTKR-021-VT,TKR-021-VT-WH,TKR-021-VT-WH-1,1,4582796680407,2022/7/9,"¥27,800","¥9,523",ビンテージオックスフォード/FM19190
41,ＷＲＩＴＥＲ’　ＶＩＮＴＡＧＥ　ＣＯＴＴＯＮ　Ｂ．Ｄ　ＳＨＩＲＴ＿ＷＨ,ＴＯＫＩＡＲＩ ＷＲＩＴＥＲ’　ＶＩＮＴＡＧＥ　ＣＯＴＴＯＮ　Ｂ．Ｄ　ＳＨＩＲＴ＿ＷＨ ライタービンテージホワイト TKR-021-VT-WH-2 1枚,WRITER' VINTAGE COTTON B.D SHIRT_WH,ライタービンテージホワイト,シャツ,501,510311,10001352,GTKR-021-VT,TKR-021-VT-WH,TKR-021-VT-WH-2,2,4582796680414,2022/7/9,"¥27,800","¥9,523",ビンテージオックスフォード/FM19190
42,ＷＲＩＴＥＲ－ＳＵＭＩＫＵＲＯ’　ＶＩＮＴＡＧＥ　ＣＯＴＴＯＮ　Ｂ．Ｄ　ＳＨＩＲＴ＿ＢＫ,ＴＯＫＩＡＲＩ ＷＲＩＴＥＲ－ＳＵＭＩＫＵＲＯ’　ＶＩＮＴＡＧＥ　ＣＯＴＴＯＮ　Ｂ．Ｄ　ＳＨＩＲＴ＿ＢＫ ライタービンテージブラック TKR-021-VT-BK-0 1枚,WRITER-SUMIKURO' VINTAGE COTTON B.D SHIRT_BK,ライタービンテージブラック,シャツ,501,510311,10001352,GTKR-021-VT,TKR-021-VT-BK,TKR-021-VT-BK-0,0,4582796680421,2022/7/9,"¥33,800","¥12,573",ビンテージオックスフォード/FM19190硫化染黒
43,ＷＲＩＴＥＲ－ＳＵＭＩＫＵＲＯ’　ＶＩＮＴＡＧＥ　ＣＯＴＴＯＮ　Ｂ．Ｄ　ＳＨＩＲＴ＿ＢＫ,ＴＯＫＩＡＲＩ ＷＲＩＴＥＲ－ＳＵＭＩＫＵＲＯ’　ＶＩＮＴＡＧＥ　ＣＯＴＴＯＮ　Ｂ．Ｄ　ＳＨＩＲＴ＿ＢＫ ライタービンテージブラック TKR-021-VT-BK-1 1枚,WRITER-SUMIKURO' VINTAGE COTTON B.D SHIRT_BK,ライタービンテージブラック,シャツ,501,510311,10001352,GTKR-021-VT,TKR-021-VT-BK,TKR-021-VT-BK-1,1,4582796680438,2022/7/9,"¥33,800","¥12,573",ビンテージオックスフォード/FM19190硫化染黒
44,ＷＲＩＴＥＲ－ＳＵＭＩＫＵＲＯ’　ＶＩＮＴＡＧＥ　ＣＯＴＴＯＮ　Ｂ．Ｄ　ＳＨＩＲＴ＿ＢＫ,ＴＯＫＩＡＲＩ ＷＲＩＴＥＲ－ＳＵＭＩＫＵＲＯ’　ＶＩＮＴＡＧＥ　ＣＯＴＴＯＮ　Ｂ．Ｄ　ＳＨＩＲＴ＿ＢＫ ライタービンテージブラック TKR-021-VT-BK-2 1枚,WRITER-SUMIKURO' VINTAGE COTTON B.D SHIRT_BK,ライタービンテージブラック,シャツ,501,510311,10001352,GTKR-021-VT,TKR-021-VT-BK,TKR-021-VT-BK-2,2,4582796680445,2022/7/9,"¥33,800","¥12,573",ビンテージオックスフォード/FM19190硫化染黒
45,ＲＩＯＴ’　ＢＲＯＡＤ　ＣＯＴＴＯＮ　ＡＲＭＹ　ＳＨＩＲＴ,ＴＯＫＩＡＲＩ ＲＩＯＴ’　ＢＲＯＡＤ　ＣＯＴＴＯＮ　ＡＲＭＹ　ＳＨＩＲＴ ライオット TKR-021-AM-0 1枚,RIOT' BROAD COTTON ARMY SHIRT,ライオット,シャツ,501,510311,10001352,GTKR-021-AM,TKR-021-AM,TKR-021-AM-0,0,4582796680452,2022/7/9,"¥29,800","¥10,173",FM89206/100%CO/TOHMAS MAISON
46,ＲＩＯＴ’　ＢＲＯＡＤ　ＣＯＴＴＯＮ　ＡＲＭＹ　ＳＨＩＲＴ,ＴＯＫＩＡＲＩ ＲＩＯＴ’　ＢＲＯＡＤ　ＣＯＴＴＯＮ　ＡＲＭＹ　ＳＨＩＲＴ ライオット TKR-021-AM-1 1枚,RIOT' BROAD COTTON ARMY SHIRT,ライオット,シャツ,501,510311,10001352,GTKR-021-AM,TKR-021-AM,TKR-021-AM-1,1,4582796680469,2022/7/9,"¥29,800","¥10,173",FM89206/100%CO/TOHMAS MAISON
47,ＲＩＯＴ’　ＢＲＯＡＤ　ＣＯＴＴＯＮ　ＡＲＭＹ　ＳＨＩＲＴ,ＴＯＫＩＡＲＩ ＲＩＯＴ’　ＢＲＯＡＤ　ＣＯＴＴＯＮ　ＡＲＭＹ　ＳＨＩＲＴ ライオット TKR-021-AM-2 1枚,RIOT' BROAD COTTON ARMY SHIRT,ライオット,シャツ,501,510311,10001352,GTKR-021-AM,TKR-021-AM,TKR-021-AM-2,2,4582796680476,2022/7/9,"¥29,800","¥10,173",FM89206/100%CO/TOHMAS MAISON
52,ＤＵＮＥ’　ＹＡＫ　ＣＯＴＴＯＮ　ＢＡＮＤ　ＣＯＬＬＡＲ　ＳＨＩＲＴ,ＴＯＫＩＡＲＩ ＤＵＮＥ’　ＹＡＫ　ＣＯＴＴＯＮ　ＢＡＮＤ　ＣＯＬＬＡＲ　ＳＨＩＲＴ デューン TKR-023-1 1枚,DUNE' YAK COTTON BAND COLLAR SHIRT,デューン,シャツ,501,510311,10001352,GTKR-023,TKR-023,TKR-023-1,1,4582796680520,2022/7/9,"¥27,800","¥12,933","RMD3236/C YAK FLANNEL/C90,Y10"
53,ＤＵＮＥ’　ＹＡＫ　ＣＯＴＴＯＮ　ＢＡＮＤ　ＣＯＬＬＡＲ　ＳＨＩＲＴ,ＴＯＫＩＡＲＩ ＤＵＮＥ’　ＹＡＫ　ＣＯＴＴＯＮ　ＢＡＮＤ　ＣＯＬＬＡＲ　ＳＨＩＲＴ デューン TKR-023-2 1枚,DUNE' YAK COTTON BAND COLLAR SHIRT,デューン,シャツ,501,510311,10001352,GTKR-023,TKR-023,TKR-023-2,2,4582796680537,2022/7/9,"¥27,800","¥12,933","RMD3236/C YAK FLANNEL/C90,Y10"
54,ＤＵＮＥ－Ⅱ”　ＹＡＫ　ＣＯＴＴＯＮ　ＢＡＮＤ　ＣＯＬＬＡＲ　ＬＯＮＧ　ＳＨＩＲＴ,ＴＯＫＩＡＲＩ ＤＵＮＥ－Ⅱ”　ＹＡＫ　ＣＯＴＴＯＮ　ＢＡＮＤ　ＣＯＬＬＡＲ　ＬＯＮＧ　ＳＨＩＲＴ デューンロング TKR-024-1 1枚,"DUNE-Ⅱ"" YAK COTTON BAND COLLAR LONG SHIRT",デューンロング,シャツ,501,510311,10001352,GTKR-024,TKR-024,TKR-024-1,1,4582796680544,2022/7/9,"¥29,800","¥12,933","RMD3236/C YAK FLANNEL/C90,Y10"
55,ＤＵＮＥ－Ⅱ”　ＹＡＫ　ＣＯＴＴＯＮ　ＢＡＮＤ　ＣＯＬＬＡＲ　ＬＯＮＧ　ＳＨＩＲＴ,ＴＯＫＩＡＲＩ ＤＵＮＥ－Ⅱ”　ＹＡＫ　ＣＯＴＴＯＮ　ＢＡＮＤ　ＣＯＬＬＡＲ　ＬＯＮＧ　ＳＨＩＲＴ デューンロング TKR-024-2 1枚,"DUNE-Ⅱ"" YAK COTTON BAND COLLAR LONG SHIRT",デューンロング,シャツ,501,510311,10001352,GTKR-024,TKR-024,TKR-024-2,2,4582796680551,2022/7/9,"¥29,800","¥12,933","RMD3236/C YAK FLANNEL/C90,Y10"
57,ＢＯＮＥ’　ＨＥＲＲＩＮＧＢＯＮＥ　ＩＮＤＩＧＯ　ＤＥＮＩＭ　ＳＨＩＲＴ＿ＩＢ,ＴＯＫＩＡＲＩ ＢＯＮＥ’　ＨＥＲＲＩＮＧＢＯＮＥ　ＩＮＤＩＧＯ　ＤＥＮＩＭ　ＳＨＩＲＴ＿ＩＢ ボーン TKR-024-Ⅱ-1 1枚,BONE' HERRINGBONE INDIGO DENIM SHIRT_IB,ボーン,シャツ,501,510311,10001352,GTKR-024-Ⅱ,TKR-024-Ⅱ,TKR-024-Ⅱ-1,2,4582796680575,2022/7/9,"¥35,800","¥11,023",コットンヘリンボーン
67,ＧＩＴＡＮ－Ⅱ’　ＳＥＡ　ＩＳＬＡＮＤ　ＣＯＴＴＯＮ　ＨＥＮＲＹ　ＮＥＣＫ　ＣＵＴＳＡＷ＿ＷＨ,ＴＯＫＩＡＲＩ ＧＩＴＡＮ－Ⅱ’　ＳＥＡ　ＩＳＬＡＮＤ　ＣＯＴＴＯＮ　ＨＥＮＲＹ　ＮＥＣＫ　ＣＵＴＳＡＷ＿ＷＨ ジタンホワイト TKR-032-Ⅱ-WH-1 1枚,GITAN-Ⅱ' SEA ISLAND COTTON HENRY NECK CUTSAW_WH,ジタンホワイト,トップス,501,510307,10001352,GTKR-032-Ⅱ,TKR-032-Ⅱ-WH,TKR-032-Ⅱ-WH-1,1,4582796680674,2022/7/9,"¥24,800","¥9,823",FB18108/AMERICAN SEAISLAND COTTON 100%
68,ＧＩＴＡＮ－Ⅱ’　ＳＥＡ　ＩＳＬＡＮＤ　ＣＯＴＴＯＮ　ＨＥＮＲＹ　ＮＥＣＫ　ＣＵＴＳＡＷ＿ＷＨ,ＴＯＫＩＡＲＩ ＧＩＴＡＮ－Ⅱ’　ＳＥＡ　ＩＳＬＡＮＤ　ＣＯＴＴＯＮ　ＨＥＮＲＹ　ＮＥＣＫ　ＣＵＴＳＡＷ＿ＷＨ ジタンホワイト TKR-032-Ⅱ-WH-2 1枚,GITAN-Ⅱ' SEA ISLAND COTTON HENRY NECK CUTSAW_WH,ジタンホワイト,トップス,501,510307,10001352,GTKR-032-Ⅱ,TKR-032-Ⅱ-WH,TKR-032-Ⅱ-WH-2,2,4582796680681,2022/7/9,"¥24,800","¥9,823",FB18108/AMERICAN SEAISLAND COTTON 100%
69,ＧＩＴＡＮ－Ⅱ’　ＳＥＡ　ＩＳＬＡＮＤ　ＣＯＴＴＯＮ　ＨＥＮＲＹ　ＮＥＣＫ　ＣＵＴＳＡＷ＿ＢＫ,ＴＯＫＩＡＲＩ ＧＩＴＡＮ－Ⅱ’　ＳＥＡ　ＩＳＬＡＮＤ　ＣＯＴＴＯＮ　ＨＥＮＲＹ　ＮＥＣＫ　ＣＵＴＳＡＷ＿ＢＫ ジタンブラック TKR-032-Ⅱ-BK-1 1枚,GITAN-Ⅱ' SEA ISLAND COTTON HENRY NECK CUTSAW_BK,ジタンブラック,トップス,501,510307,10001352,GTKR-032-Ⅱ,TKR-032-Ⅱ-BK,TKR-032-Ⅱ-BK-1,1,4582796680698,2022/7/9,"¥24,800","¥9,823",FB18108/AMERICAN SEAISLAND COTTON 100%
70,ＧＩＴＡＮ－Ⅱ’　ＳＥＡ　ＩＳＬＡＮＤ　ＣＯＴＴＯＮ　ＨＥＮＲＹ　ＮＥＣＫ　ＣＵＴＳＡＷ＿ＢＫ,ＴＯＫＩＡＲＩ ＧＩＴＡＮ－Ⅱ’　ＳＥＡ　ＩＳＬＡＮＤ　ＣＯＴＴＯＮ　ＨＥＮＲＹ　ＮＥＣＫ　ＣＵＴＳＡＷ＿ＢＫ ジタンブラック TKR-032-Ⅱ-BK-2 1枚,GITAN-Ⅱ' SEA ISLAND COTTON HENRY NECK CUTSAW_BK,ジタンブラック,トップス,501,510307,10001352,GTKR-032-Ⅱ,TKR-032-Ⅱ-BK,TKR-032-Ⅱ-BK-2,2,4582796680704,2022/7/9,"¥24,800","¥9,823",FB18108/AMERICAN SEAISLAND COTTON 100%
71,ＴＯＢＡＲＩ’　ＢＲＯＡＤ　ＣＯＴＴＯＮ　ＧＡＴＨＥＲ　ＳＨＩＲＴ＿ＢＫ,ＴＯＫＩＡＲＩ ＴＯＢＡＲＩ’　ＢＲＯＡＤ　ＣＯＴＴＯＮ　ＧＡＴＨＥＲ　ＳＨＩＲＴ＿ＢＫ トバリブラック TKR-033-0 1枚,TOBARI' BROAD COTTON GATHER SHIRT_BK,トバリブラック,シャツ,501,510311,10001352,GTKR-033,TKR-033,TKR-033-0,0,4582796680711,2022/7/9,"¥23,800","¥7,380",ブロード/FM6009/COTTON100%
72,ＴＯＢＡＲＩ’　ＢＲＯＡＤ　ＣＯＴＴＯＮ　ＧＡＴＨＥＲ　ＳＨＩＲＴ＿ＢＫ,ＴＯＫＩＡＲＩ ＴＯＢＡＲＩ’　ＢＲＯＡＤ　ＣＯＴＴＯＮ　ＧＡＴＨＥＲ　ＳＨＩＲＴ＿ＢＫ トバリブラック TKR-033-1 1枚,TOBARI' BROAD COTTON GATHER SHIRT_BK,トバリブラック,シャツ,501,510311,10001352,GTKR-033,TKR-033,TKR-033-1,1,4582796680728,2022/7/9,"¥23,800","¥7,380",ブロード/FM6009/COTTON100%
73,ＴＯＢＡＲＩ’　ＢＲＯＡＤ　ＣＯＴＴＯＮ　ＧＡＴＨＥＲ　ＳＨＩＲＴ＿ＢＫ,ＴＯＫＩＡＲＩ ＴＯＢＡＲＩ’　ＢＲＯＡＤ　ＣＯＴＴＯＮ　ＧＡＴＨＥＲ　ＳＨＩＲＴ＿ＢＫ トバリブラック TKR-033-2 1枚,TOBARI' BROAD COTTON GATHER SHIRT_BK,トバリブラック,シャツ,501,510311,10001352,GTKR-033,TKR-033,TKR-033-2,2,4582796680735,2022/7/9,"¥23,800","¥7,380",ブロード/FM6009/COTTON100%
83,ＨＡＮＧＥＲ’　ＯＲＧＡＮＩＣ　ＣＯＴＴＯＮ　ＦＬＡＮＮＥＬ　ＳＨＩＲＴ　ＪＡＣＫＥＴ＿ＢＥ,ＴＯＫＩＡＲＩ ＨＡＮＧＥＲ’　ＯＲＧＡＮＩＣ　ＣＯＴＴＯＮ　ＦＬＡＮＮＥＬ　ＳＨＩＲＴ　ＪＡＣＫＥＴ＿ＢＥ ハンガーホワイト TKR-034-WH-F 1枚,HANGER' ORGANIC COTTON FLANNEL SHIRT JACKET_BE ,ハンガーホワイト,ジャケット,501,510305,10001350,GTKR-034,TKR-034-WH,TKR-034-WH-F,F,4582796680834,2022/7/9,"¥27,800","¥8,773",OS17081/オーガニックコットン
84,ＨＡＮＧＥＲ’　ＯＲＧＡＮＩＣ　ＣＯＴＴＯＮ　ＦＬＡＮＮＥＬ　ＳＨＩＲＴ　ＪＡＣＫＥＴ＿ＢＫ,ＴＯＫＩＡＲＩ ＨＡＮＧＥＲ’　ＯＲＧＡＮＩＣ　ＣＯＴＴＯＮ　ＦＬＡＮＮＥＬ　ＳＨＩＲＴ　ＪＡＣＫＥＴ＿ＢＫ ハンガーブラック TKR-034-BK-F 1枚,HANGER' ORGANIC COTTON FLANNEL SHIRT JACKET_BK,ハンガーブラック,ジャケット,501,510305,10001350,GTKR-034,TKR-034-BK,TKR-034-BK-F,F,4582796680841,2022/7/9,"¥29,800","¥12,273",OS17082/BK硫化染/オーガニックコットン
85,ＹＵＭＥＮＯ’　ＦＬＡＮＮＥＬ　ＣＯＴＴＯＮ　ＰＡＪＡＭＡＳ　ＳＨＩＲＴ＿ＧＲ×ＷＨ,ＴＯＫＩＡＲＩ ＹＵＭＥＮＯ’　ＦＬＡＮＮＥＬ　ＣＯＴＴＯＮ　ＰＡＪＡＭＡＳ　ＳＨＩＲＴ＿ＧＲ×ＷＨ ユメノグレイホワイト TKR-035-GR×WH-F 1枚,YUMENO' FLANNEL COTTON PAJAMAS SHIRT_GR×WH,ユメノグレイホワイト,シャツ,501,510311,10001352,GTKR-035,TKR-035-GR×WH,TKR-035-GR×WH-F,F,4582796680858,2022/7/9,"¥34,800","¥13,323",FM89196/THOMAS MAISON/COTTON100%
86,ＹＵＭＥＮＯ’　ＦＬＡＮＮＥＬ　ＣＯＴＴＯＮ　ＰＡＪＡＭＡＳ　ＳＨＩＲＴ＿ＲＥＤ×ＢＬ,ＴＯＫＩＡＲＩ ＹＵＭＥＮＯ’　ＦＬＡＮＮＥＬ　ＣＯＴＴＯＮ　ＰＡＪＡＭＡＳ　ＳＨＩＲＴ＿ＲＥＤ×ＢＬ ユメノレッドブルー TKR-035-RED×BL-F 1枚,YUMENO' FLANNEL COTTON PAJAMAS SHIRT_RED×BL,ユメノレッドブルー,シャツ,501,510311,10001352,GTKR-035,TKR-035-RED×BL,TKR-035-RED×BL-F,F,4582796680865,2022/7/9,"¥34,800","¥13,323",FM89196/THOMAS MAISON/COTTON100%
1,ＰＡＮＤＡ’　ＣＯＴＴＯＮ　ＦＬＥＥＣＥ　ＥＬＢＯＷ　ＰＡＤ　ＳＷＥＡＴＳＨＩＲＴ＿ＷＨ,ＴＯＫＩＡＲＩ ＰＡＮＤＡ’　ＣＯＴＴＯＮ　ＦＬＥＥＣＥ　ＥＬＢＯＷ　ＰＡＤ　ＳＷＥＡＴＳＨＩＲＴ＿ＷＨ パンダホワイト TKR-004-WH-F 1枚,PANDA' COTTON FLEECE ELBOW PAD SWEATSHIRT_WH,パンダホワイト,トップス,501,510307,10001351,GTKR-004,TKR-004-WH,TKR-004-WH-F,F,4582796680018,2022/3/1,"¥23,100","¥7,636",COTTON 100%（セントラル裏毛）
2,ＰＡＮＤＡ’　ＣＯＴＴＯＮ　ＦＬＥＥＣＥ　ＥＬＢＯＷ　ＰＡＤ　ＳＷＥＡＴＳＨＩＲＴ＿ＢＫ,ＴＯＫＩＡＲＩ ＰＡＮＤＡ’　ＣＯＴＴＯＮ　ＦＬＥＥＣＥ　ＥＬＢＯＷ　ＰＡＤ　ＳＷＥＡＴＳＨＩＲＴ＿ＢＫ パンダブラック TKR-004-BK-F 1枚,PANDA' COTTON FLEECE ELBOW PAD SWEATSHIRT_BK,パンダブラック,トップス,501,510307,10001351,GTKR-004,TKR-004-BK,TKR-004-BK-F,F,4582796680025,2022/3/1,"¥23,100","¥7,636",COTTON 100%（セントラル裏毛）
3,ＢＥＡＲ’　ＣＯＴＴＯＮ　ＦＬＥＥＣＥ　ＨＡＬＦ　ＳＬＥＥＶＥ　ＲＵＧＢＹ　ＳＨＩＲＴ＿ＷＨ,ＴＯＫＩＡＲＩ ＢＥＡＲ’　ＣＯＴＴＯＮ　ＦＬＥＥＣＥ　ＨＡＬＦ　ＳＬＥＥＶＥ　ＲＵＧＢＹ　ＳＨＩＲＴ＿ＷＨ ベアーホワイト TKR-005-WH-F 1枚,BEAR' COTTON FLEECE HALF SLEEVE RUGBY SHIRT_WH,ベアーホワイト,トップス,501,510307,10001351,GTKR-005,TKR-005-WH,TKR-005-WH-F,F,4582796680032,2022/3/1,"¥23,100","¥8,136",COTTON 100%（セントラル裏毛）
4,ＢＥＡＲ’　ＣＯＴＴＯＮ　ＦＬＥＥＣＥ　ＨＡＬＦ　ＳＬＥＥＶＥ　ＲＵＧＢＹ　ＳＨＩＲＴ＿ＢＫ,ＴＯＫＩＡＲＩ ＢＥＡＲ’　ＣＯＴＴＯＮ　ＦＬＥＥＣＥ　ＨＡＬＦ　ＳＬＥＥＶＥ　ＲＵＧＢＹ　ＳＨＩＲＴ＿ＢＫ ベアーブラック TKR-005-BK-F 1枚,BEAR' COTTON FLEECE HALF SLEEVE RUGBY SHIRT_BK,ベアーブラック,トップス,501,510307,10001351,GTKR-005,TKR-005-BK,TKR-005-BK-F,F,4582796680049,2022/3/1,"¥23,100","¥8,136",COTTON 100%（セントラル裏毛）
5,ＲＯＭＡ’　　ＷＡＦＦＬＥ　ＷＯＯＬ　ＣＯＴＴＯＮ　　ＨＥＮＲＹ　ＮＥＣＫ　ＣＵＴＳＡＷ＿ＫＮ,ＴＯＫＩＡＲＩ ＲＯＭＡ’　　ＷＡＦＦＬＥ　ＷＯＯＬ　ＣＯＴＴＯＮ　　ＨＥＮＲＹ　ＮＥＣＫ　ＣＵＴＳＡＷ＿ＫＮ ロマキナリ TKR-007-KN-F 1枚,ROMA'  WAFFLE WOOL COTTON  HENRY NECK CUTSAW_KN,ロマキナリ,トップス,501,510307,10001352,GTKR-007,TKR-007-KN,TKR-007-KN-F,F,4582796680056,2022/3/1,"¥20,900","¥8,023",COTTON 90%/WOOL10%　（グッドウーリーワッフル）
6,ＲＯＭＡ’　　ＷＡＦＦＬＥ　ＷＯＯＬ　ＣＯＴＴＯＮ　　ＨＥＮＲＹ　ＮＥＣＫ　ＣＵＴＳＡＷ＿ＢＫ,ＴＯＫＩＡＲＩ ＲＯＭＡ’　　ＷＡＦＦＬＥ　ＷＯＯＬ　ＣＯＴＴＯＮ　　ＨＥＮＲＹ　ＮＥＣＫ　ＣＵＴＳＡＷ＿ＢＫ ロマブラック TKR-007-BK-F 1枚,ROMA'  WAFFLE WOOL COTTON  HENRY NECK CUTSAW_BK,ロマブラック,トップス,501,510307,10001352,GTKR-007,TKR-007-BK,TKR-007-BK-F,F,4582796680063,2022/3/1,"¥20,900","¥8,023",COTTON 90%/WOOL10%　（グッドウーリーワッフル）
7,ＣＡＭＯＵＦＬＡＧＥ’　ＷＡＦＦＬＥ　ＷＯＯＬ　ＣＯＴＴＯＮ　ＨＯＯＤＩＥ＿ＫＮ,ＴＯＫＩＡＲＩ ＣＡＭＯＵＦＬＡＧＥ’　ＷＡＦＦＬＥ　ＷＯＯＬ　ＣＯＴＴＯＮ　ＨＯＯＤＩＥ＿ＫＮ カモフラージュキナリ TKR-008-KN-F 1枚,CAMOUFLAGE' WAFFLE WOOL COTTON HOODIE_KN,カモフラージュキナリ,トップス,501,510307,10001352,GTKR-008,TKR-008-KN,TKR-008-KN-F,F,4582796680070,2022/3/1,"¥22,000","¥8,023",COTTON 90%/WOOL10%　（グッドウーリーワッフル）
8,ＣＡＭＯＵＦＬＡＧＥ’　ＷＡＦＦＬＥ　ＷＯＯＬ　ＣＯＴＴＯＮ　ＨＯＯＤＩＥ＿ＢＫ,ＴＯＫＩＡＲＩ ＣＡＭＯＵＦＬＡＧＥ’　ＷＡＦＦＬＥ　ＷＯＯＬ　ＣＯＴＴＯＮ　ＨＯＯＤＩＥ＿ＢＫ カモフラージュブラック TKR-008-BK-F 1枚,CAMOUFLAGE' WAFFLE WOOL COTTON HOODIE_BK,カモフラージュブラック,トップス,501,510307,10001352,GTKR-008,TKR-008-BK,TKR-008-BK-F,F,4582796680087,2022/3/1,"¥22,000","¥8,023",COTTON 90%/WOOL10%　（グッドウーリーワッフル）
9,ＴＵＢＥ’　ＷＡＦＦＬＥ　ＷＯＯＬ　ＣＯＴＴＯＮ　ＳＬＥＥＶＥＬＥＳＳ　ＨＯＯＤＩＥ＿ＫＮ,ＴＯＫＩＡＲＩ ＴＵＢＥ’　ＷＡＦＦＬＥ　ＷＯＯＬ　ＣＯＴＴＯＮ　ＳＬＥＥＶＥＬＥＳＳ　ＨＯＯＤＩＥ＿ＫＮ チューブキナリ TKR-009-KN-F 1枚,TUBE' WAFFLE WOOL COTTON SLEEVELESS HOODIE_KN,チューブキナリ,トップス,501,510307,10001352,GTKR-009,TKR-009-KN,TKR-009-KN-F,F,4582796680094,2022/3/1,"¥19,800","¥8,123",COTTON 90%/WOOL10%　（グッドウーリーワッフル）
10,ＴＵＢＥ’　ＷＡＦＦＬＥ　ＷＯＯＬ　ＣＯＴＴＯＮ　ＳＬＥＥＶＥＬＥＳＳ　ＨＯＯＤＩＥ＿ＢＫ,ＴＯＫＩＡＲＩ ＴＵＢＥ’　ＷＡＦＦＬＥ　ＷＯＯＬ　ＣＯＴＴＯＮ　ＳＬＥＥＶＥＬＥＳＳ　ＨＯＯＤＩＥ＿ＢＫ チューブブラック TKR-009-BK-F 1枚,TUBE' WAFFLE WOOL COTTON SLEEVELESS HOODIE_BK,チューブブラック,トップス,501,510307,10001352,GTKR-009,TKR-009-BK,TKR-009-BK-F,F,4582796680100,2022/3/1,"¥19,800","¥8,123",COTTON 90%/WOOL10%　（グッドウーリーワッフル）
11,ＳＨＩＥＬＤ’　ＨＥＭＰ　ＣＯＴＴＯＮ　ＳＬＥＥＶＥＬＥＳＳ　ＣＵＴＳＡＷ＿ＫＮ,ＴＯＫＩＡＲＩ ＳＨＩＥＬＤ’　ＨＥＭＰ　ＣＯＴＴＯＮ　ＳＬＥＥＶＥＬＥＳＳ　ＣＵＴＳＡＷ＿ＫＮ シールドキナリ TKR-011-KN-B-F 1枚,SHIELD' HEMP COTTON SLEEVELESS CUTSAW_KN,シールドキナリ,トップス,501,510307,10001352,GTKR-011,TKR-011-KN-B,TKR-011-KN-B-F,F,4582796680117,2022/3/1,"¥12,800","¥3,923",DCK0158/2生成り/C72%.Hemp27%
12,ＳＨＩＥＬＤ’　ＨＥＭＰ　ＣＯＴＴＯＮ　ＳＬＥＥＶＥＬＥＳＳ　ＣＵＴＳＡＷ＿ＢＫ,ＴＯＫＩＡＲＩ ＳＨＩＥＬＤ’　ＨＥＭＰ　ＣＯＴＴＯＮ　ＳＬＥＥＶＥＬＥＳＳ　ＣＵＴＳＡＷ＿ＢＫ シールドブラック TKR-011-BK-B-F 1枚,SHIELD' HEMP COTTON SLEEVELESS CUTSAW_BK,シールドブラック,トップス,501,510307,10001352,GTKR-011,TKR-011-BK-B,TKR-011-BK-B-F,F,4582796680124,2022/3/1,"¥12,800","¥3,923",DCK0158/2黒/C72%.Hemp27%
13,ＹＡＣＣＯ’　Ｔｅｅ　ｓｈｉｒｔ＿ＷＨ,ＴＯＫＩＡＲＩ ＹＡＣＣＯ’　Ｔｅｅ　ｓｈｉｒｔ＿ＷＨ ヤッコティーホワイト TKR-012-WH-F 1枚,YACCO' Tee shirt_WH,ヤッコティーホワイト,トップス,501,510307,10001352,GTKR-012,TKR-012-WH,TKR-012-WH-F,F,4582796680131,2022/3/1,"¥14,900","¥5,623",co100%
14,ＹＡＣＣＯ’　Ｔｅｅ　ｓｈｉｒｔ＿ＢＫ,ＴＯＫＩＡＲＩ ＹＡＣＣＯ’　Ｔｅｅ　ｓｈｉｒｔ＿ＢＫ ヤッコティーブラック TKR-012-BK-F 1枚,YACCO' Tee shirt_BK,ヤッコティーブラック,トップス,501,510307,10001352,GTKR-012,TKR-012-BK,TKR-012-BK-F,F,4582796680148,2022/3/1,"¥14,900","¥5,623",co100%
15,ＲＥＸ’　ＣＯＴＴＯＮ　ＦＬＥＥＣＥ　ＦＬＡＲＥＤ　ＰＡＮＴＳ　＿　ＫＷ,ＴＯＫＩＡＲＩ ＲＥＸ’　ＣＯＴＴＯＮ　ＦＬＥＥＣＥ　ＦＬＡＲＥＤ　ＰＡＮＴＳ　＿　ＫＷ レックスホワイト TKR-016-WH-1 1枚,REX' COTTON FLEECE FLARED PANTS _ KW,レックスホワイト,パンツ,501,510309,10001335,GTKR-016,TKR-016-WH,TKR-016-WH-1,1,4582796680155,2022/3/1,"¥19,800","¥6,636",COTTON 100%（セントラル裏毛）
16,ＲＥＸ’　ＣＯＴＴＯＮ　ＦＬＥＥＣＥ　ＦＬＡＲＥＤ　ＰＡＮＴＳ　＿　ＫＷ,ＴＯＫＩＡＲＩ ＲＥＸ’　ＣＯＴＴＯＮ　ＦＬＥＥＣＥ　ＦＬＡＲＥＤ　ＰＡＮＴＳ　＿　ＫＷ レックスホワイト TKR-016-WH-2 1枚,REX' COTTON FLEECE FLARED PANTS _ KW,レックスホワイト,パンツ,501,510309,10001335,GTKR-016,TKR-016-WH,TKR-016-WH-2,2,4582796680162,2022/3/1,"¥19,800","¥6,636",COTTON 100%（セントラル裏毛）
17,ＲＥＸ’　ＣＯＴＴＯＮ　ＦＬＥＥＣＥ　ＦＬＡＲＥＤ　ＰＡＮＴＳ　＿　ＢＫ,ＴＯＫＩＡＲＩ ＲＥＸ’　ＣＯＴＴＯＮ　ＦＬＥＥＣＥ　ＦＬＡＲＥＤ　ＰＡＮＴＳ　＿　ＢＫ レックスブラック TKR-016-BK-1 1枚,REX' COTTON FLEECE FLARED PANTS _ BK,レックスブラック,パンツ,501,510309,10001335,GTKR-016,TKR-016-BK,TKR-016-BK-1,1,4582796680179,2022/3/1,"¥19,800","¥6,636",COTTON 100%（セントラル裏毛）
18,ＲＥＸ’　ＣＯＴＴＯＮ　ＦＬＥＥＣＥ　ＦＬＡＲＥＤ　ＰＡＮＴＳ　＿　ＢＫ,ＴＯＫＩＡＲＩ ＲＥＸ’　ＣＯＴＴＯＮ　ＦＬＥＥＣＥ　ＦＬＡＲＥＤ　ＰＡＮＴＳ　＿　ＢＫ レックスブラック TKR-016-BK-2 1枚,REX' COTTON FLEECE FLARED PANTS _ BK,レックスブラック,パンツ,501,510309,10001335,GTKR-016,TKR-016-BK,TKR-016-BK-2,2,4582796680186,2022/3/1,"¥19,800","¥6,636",COTTON 100%（セントラル裏毛）
19,ＭＵＤＭＥＮ’　ＣＯＴＴＯＮ　ＦＬＥＥＣＥ　ＹＯＧＡ　ＰＡＮＴＳ＿　ＫＷ,ＴＯＫＩＡＲＩ ＭＵＤＭＥＮ’　ＣＯＴＴＯＮ　ＦＬＥＥＣＥ　ＹＯＧＡ　ＰＡＮＴＳ＿　ＫＷ マッドメンホワイト TKR-017-WH-1 1枚,MUDMEN' COTTON FLEECE YOGA PANTS_ KW,マッドメンホワイト,パンツ,501,510309,10001335,GTKR-017,TKR-017-WH,TKR-017-WH-1,1,4582796680193,2022/3/1,"¥24,900","¥8,636",COTTON 100%（セントラル裏毛）
20,ＭＵＤＭＥＮ’　ＣＯＴＴＯＮ　ＦＬＥＥＣＥ　ＹＯＧＡ　ＰＡＮＴＳ＿　ＫＷ,ＴＯＫＩＡＲＩ ＭＵＤＭＥＮ’　ＣＯＴＴＯＮ　ＦＬＥＥＣＥ　ＹＯＧＡ　ＰＡＮＴＳ＿　ＫＷ マッドメンホワイト TKR-017-WH-2 1枚,MUDMEN' COTTON FLEECE YOGA PANTS_ KW,マッドメンホワイト,パンツ,501,510309,10001335,GTKR-017,TKR-017-WH,TKR-017-WH-2,2,4582796680209,2022/3/1,"¥24,900","¥8,636",COTTON 100%（セントラル裏毛）
21,ＭＵＤＭＥＮ’　ＣＯＴＴＯＮ　ＦＬＥＥＣＥ　ＹＯＧＡ　ＰＡＮＴＳ＿　ＢＫ,ＴＯＫＩＡＲＩ ＭＵＤＭＥＮ’　ＣＯＴＴＯＮ　ＦＬＥＥＣＥ　ＹＯＧＡ　ＰＡＮＴＳ＿　ＢＫ マッドメンブラック TKR-017-BK-1 1枚,MUDMEN' COTTON FLEECE YOGA PANTS_ BK,マッドメンブラック,パンツ,501,510309,10001335,GTKR-017,TKR-017-BK,TKR-017-BK-1,1,4582796680216,2022/3/1,"¥24,900","¥8,636",COTTON 100%（セントラル裏毛）
22,ＭＵＤＭＥＮ’　ＣＯＴＴＯＮ　ＦＬＥＥＣＥ　ＹＯＧＡ　ＰＡＮＴＳ＿　ＢＫ,ＴＯＫＩＡＲＩ ＭＵＤＭＥＮ’　ＣＯＴＴＯＮ　ＦＬＥＥＣＥ　ＹＯＧＡ　ＰＡＮＴＳ＿　ＢＫ マッドメンブラック TKR-017-BK-2 1枚,MUDMEN' COTTON FLEECE YOGA PANTS_ BK,マッドメンブラック,パンツ,501,510309,10001335,GTKR-017,TKR-017-BK,TKR-017-BK-2,2,4582796680223,2022/3/1,"¥24,900","¥8,636",COTTON 100%（セントラル裏毛）
35,ＷＲＩＴＥＲ’　ＳＥＡ　ＩＳＬＡＮＤ　ＣＯＴＴＯＮ　Ｂ．Ｄ　ＳＨＩＲＴ＿ＷＨ,ＴＯＫＩＡＲＩ ＷＲＩＴＥＲ’　ＳＥＡ　ＩＳＬＡＮＤ　ＣＯＴＴＯＮ　Ｂ．Ｄ　ＳＨＩＲＴ＿ＷＨ ライターホワイト TKR-021-WH-1 1枚,WRITER' SEA ISLAND COTTON B.D SHIRT_WH,ライターホワイト,シャツ,501,510311,10001352,GTKR-021,TKR-021-WH,TKR-021-WH-1,1,4582796680353,2022/3/1,"¥29,800","¥11,623",FB85800/AMERICAN SEAISLAND COTTON 100%
36,ＷＲＩＴＥＲ’　ＳＥＡ　ＩＳＬＡＮＤ　ＣＯＴＴＯＮ　Ｂ．Ｄ　ＳＨＩＲＴ＿ＷＨ,ＴＯＫＩＡＲＩ ＷＲＩＴＥＲ’　ＳＥＡ　ＩＳＬＡＮＤ　ＣＯＴＴＯＮ　Ｂ．Ｄ　ＳＨＩＲＴ＿ＷＨ ライターホワイト TKR-021-WH-2 1枚,WRITER' SEA ISLAND COTTON B.D SHIRT_WH,ライターホワイト,シャツ,501,510311,10001352,GTKR-021,TKR-021-WH,TKR-021-WH-2,2,4582796680360,2022/3/1,"¥29,800","¥11,623",FB85800/AMERICAN SEAISLAND COTTON 100%
37,ＷＲＩＴＥＲ－ＤＡＲＫＮＥＳＳ’　ＳＥＡ　ＩＳＬＡＮＤ　ＣＯＴＴＯＮ　Ｂ．Ｄ　ＳＨＩＲＴ＿ＢＫ,ＴＯＫＩＡＲＩ ＷＲＩＴＥＲ－ＤＡＲＫＮＥＳＳ’　ＳＥＡ　ＩＳＬＡＮＤ　ＣＯＴＴＯＮ　Ｂ．Ｄ　ＳＨＩＲＴ＿ＢＫ ライターブラック TKR-021-BK-1 1枚,WRITER-DARKNESS' SEA ISLAND COTTON B.D SHIRT_BK,ライターブラック,シャツ,501,510311,10001352,GTKR-021,TKR-021-BK,TKR-021-BK-1,1,4582796680377,2022/3/1,"¥38,800","¥15,623",FB85800/AMERICAN SEAISLAND COTTON 100%
38,ＷＲＩＴＥＲ－ＤＡＲＫＮＥＳＳ’　ＳＥＡ　ＩＳＬＡＮＤ　ＣＯＴＴＯＮ　Ｂ．Ｄ　ＳＨＩＲＴ＿ＢＫ,ＴＯＫＩＡＲＩ ＷＲＩＴＥＲ－ＤＡＲＫＮＥＳＳ’　ＳＥＡ　ＩＳＬＡＮＤ　ＣＯＴＴＯＮ　Ｂ．Ｄ　ＳＨＩＲＴ＿ＢＫ ライターブラック TKR-021-BK-2 1枚,WRITER-DARKNESS' SEA ISLAND COTTON B.D SHIRT_BK,ライターブラック,シャツ,501,510311,10001352,GTKR-021,TKR-021-BK,TKR-021-BK-2,2,4582796680384,2022/3/1,"¥38,800","¥15,623",FB85800/AMERICAN SEAISLAND COTTON 100%
48,ＷＲＩＴＥＲ－Ⅱ’　ＳＥＡ　ＩＳＬＡＮＤ　ＣＯＴＴＯＮ　ＬＯＮＧ　Ｂ．Ｄ　ＳＨＩＲＴ＿ＷＨ,ＴＯＫＩＡＲＩ ＷＲＩＴＥＲ－Ⅱ’　ＳＥＡ　ＩＳＬＡＮＤ　ＣＯＴＴＯＮ　ＬＯＮＧ　Ｂ．Ｄ　ＳＨＩＲＴ＿ＷＨ ライターロングホワイト TKR-022-WH-1 1枚,WRITER-Ⅱ' SEA ISLAND COTTON LONG B.D SHIRT_WH,ライターロングホワイト,シャツ,501,510311,10001352,GTKR-022,TKR-022-WH,TKR-022-WH-1,1,4582796680483,2022/3/1,"¥33,800","¥12,623",FB85800/AMERICAN SEAISLAND COTTON 100%
49,ＷＲＩＴＥＲ－Ⅱ’　ＳＥＡ　ＩＳＬＡＮＤ　ＣＯＴＴＯＮ　ＬＯＮＧ　Ｂ．Ｄ　ＳＨＩＲＴ＿ＷＨ,ＴＯＫＩＡＲＩ ＷＲＩＴＥＲ－Ⅱ’　ＳＥＡ　ＩＳＬＡＮＤ　ＣＯＴＴＯＮ　ＬＯＮＧ　Ｂ．Ｄ　ＳＨＩＲＴ＿ＷＨ ライターロングホワイト TKR-022-WH-2 1枚,WRITER-Ⅱ' SEA ISLAND COTTON LONG B.D SHIRT_WH,ライターロングホワイト,シャツ,501,510311,10001352,GTKR-022,TKR-022-WH,TKR-022-WH-2,2,4582796680490,2022/3/1,"¥33,800","¥12,623",FB85800/AMERICAN SEAISLAND COTTON 100%
50,ＷＲＩＴＥＲ－Ⅱ’　ＳＥＡ　ＩＳＬＡＮＤ　ＣＯＴＴＯＮ　ＬＯＮＧ　Ｂ．Ｄ　ＳＨＩＲＴ＿ＢＬ,ＴＯＫＩＡＲＩ ＷＲＩＴＥＲ－Ⅱ’　ＳＥＡ　ＩＳＬＡＮＤ　ＣＯＴＴＯＮ　ＬＯＮＧ　Ｂ．Ｄ　ＳＨＩＲＴ＿ＢＬ ライターロングブルー TKR-022-BL-1 1枚,WRITER-Ⅱ' SEA ISLAND COTTON LONG B.D SHIRT_BL,ライターロングブルー,シャツ,501,510311,10001352,GTKR-022,TKR-022-BL,TKR-022-BL-1,1,4582796680506,2022/3/1,"¥33,800","¥12,623",FB85800/AMERICAN SEAISLAND COTTON 100%
51,ＷＲＩＴＥＲ－Ⅱ’　ＳＥＡ　ＩＳＬＡＮＤ　ＣＯＴＴＯＮ　ＬＯＮＧ　Ｂ．Ｄ　ＳＨＩＲＴ＿ＢＬ,ＴＯＫＩＡＲＩ ＷＲＩＴＥＲ－Ⅱ’　ＳＥＡ　ＩＳＬＡＮＤ　ＣＯＴＴＯＮ　ＬＯＮＧ　Ｂ．Ｄ　ＳＨＩＲＴ＿ＢＬ ライターロングブルー TKR-022-BL-2 1枚,WRITER-Ⅱ' SEA ISLAND COTTON LONG B.D SHIRT_BL,ライターロングブルー,シャツ,501,510311,10001352,GTKR-022,TKR-022-BL,TKR-022-BL-2,2,4582796680513,2022/3/1,"¥33,800","¥12,623",FB85800/AMERICAN SEAISLAND COTTON 100%
63,ＧＩＴＡＮ’　ＳＥＡ　ＩＳＬＡＮＤ　ＣＯＴＴＯＮ　ＨＥＮＲＹ　ＮＥＣＫ　ＣＵＴＳＡＷ＿ＷＨ,ＴＯＫＩＡＲＩ ＧＩＴＡＮ’　ＳＥＡ　ＩＳＬＡＮＤ　ＣＯＴＴＯＮ　ＨＥＮＲＹ　ＮＥＣＫ　ＣＵＴＳＡＷ＿ＷＨ ジタンホワイト TKR-032-WH-1 1枚,GITAN' SEA ISLAND COTTON HENRY NECK CUTSAW_WH,ジタンホワイト,トップス,501,510307,10001352,GTKR-032,TKR-032-WH,TKR-032-WH-1,1,4582796680636,2022/3/1,"¥19,800","¥9,823",FB18108/AMERICAN SEAISLAND COTTON 100%
64,ＧＩＴＡＮ’　ＳＥＡ　ＩＳＬＡＮＤ　ＣＯＴＴＯＮ　ＨＥＮＲＹ　ＮＥＣＫ　ＣＵＴＳＡＷ＿ＷＨ,ＴＯＫＩＡＲＩ ＧＩＴＡＮ’　ＳＥＡ　ＩＳＬＡＮＤ　ＣＯＴＴＯＮ　ＨＥＮＲＹ　ＮＥＣＫ　ＣＵＴＳＡＷ＿ＷＨ ジタンホワイト TKR-032-WH-2 1枚,GITAN' SEA ISLAND COTTON HENRY NECK CUTSAW_WH,ジタンホワイト,トップス,501,510307,10001352,GTKR-032,TKR-032-WH,TKR-032-WH-2,2,4582796680643,2022/3/1,"¥19,800","¥9,823",FB18108/AMERICAN SEAISLAND COTTON 100%
65,ＧＩＴＡＮ’　ＳＥＡ　ＩＳＬＡＮＤ　ＣＯＴＴＯＮ　ＨＥＮＲＹ　ＮＥＣＫ　ＣＵＴＳＡＷ＿ＢＫ,ＴＯＫＩＡＲＩ ＧＩＴＡＮ’　ＳＥＡ　ＩＳＬＡＮＤ　ＣＯＴＴＯＮ　ＨＥＮＲＹ　ＮＥＣＫ　ＣＵＴＳＡＷ＿ＢＫ ジタンブラック TKR-032-BK-1 1枚,GITAN' SEA ISLAND COTTON HENRY NECK CUTSAW_BK,ジタンブラック,トップス,501,510307,10001352,GTKR-032,TKR-032-BK,TKR-032-BK-1,1,4582796680650,2022/3/1,"¥19,800","¥9,823",FB18108/AMERICAN SEAISLAND COTTON 100%
66,ＧＩＴＡＮ’　ＳＥＡ　ＩＳＬＡＮＤ　ＣＯＴＴＯＮ　ＨＥＮＲＹ　ＮＥＣＫ　ＣＵＴＳＡＷ＿ＢＫ,ＴＯＫＩＡＲＩ ＧＩＴＡＮ’　ＳＥＡ　ＩＳＬＡＮＤ　ＣＯＴＴＯＮ　ＨＥＮＲＹ　ＮＥＣＫ　ＣＵＴＳＡＷ＿ＢＫ ジタンブラック TKR-032-BK-2 1枚,GITAN' SEA ISLAND COTTON HENRY NECK CUTSAW_BK,ジタンブラック,トップス,501,510307,10001352,GTKR-032,TKR-032-BK,TKR-032-BK-2,2,4582796680667,2022/3/1,"¥19,800","¥9,823",FB18108/AMERICAN SEAISLAND COTTON 100%